0,0.0,0.0,0.0
1,0.5743982934122033,-0.19958341679482278,-0.6568749508128252
2,0.5743982934122033,-0.19958341679482278,-0.6568749508128252
3,0.5743982934122033,-0.19958341679482278,-0.6568749508128252
4,-0.5160113686562211,-0.8464246779320089,0.9442433385143348
5,-0.8385390378354438,-0.8056790004776759,0.5271510966922157
6,-0.8385390378354438,-0.8056790004776759,0.5271510966922157
7,0.3747556613332234,0.44901035522555605,-0.405822202429658
8,0.5743982934122033,-0.19958341679482278,-0.6568749508128252
9,-0.8037915415430585,-0.9008787131120102,0.916869187087223
10,-0.8037915415430585,-0.9008787131120102,0.916869187087223
11,-0.859855972773176,-0.741069516613488,0.8499444742613463
12,-0.8385390378354438,-0.8056790004776759,0.5271510966922157
13,-0.6377938375521148,-0.6165323123829011,0.8981857426715697
14,-0.6377938375521148,-0.6165323123829011,0.8981857426715697
15,-0.6810159081211792,-0.5062309761705334,0.9722864095625293
16,-0.6810159081211792,-0.5062309761705334,0.9722864095625293
17,-0.5699498673923131,-0.7938157217479767,0.985086536767419
18,0.5208474488079916,-0.04053377867672947,-0.11699745678369255
19,0.5208474488079916,-0.04053377867672947,-0.11699745678369255
20,0.5208474488079916,-0.04053377867672947,-0.11699745678369255
21,0.5208474488079916,-0.04053377867672947,-0.11699745678369255
22,-0.5699498673923131,-0.7938157217479767,0.985086536767419
23,-0.6810159081211792,-0.5062309761705334,0.9722864095625293
24,-0.6810159081211792,-0.5062309761705334,0.9722864095625293
25,-0.6810159081211792,-0.5062309761705334,0.9722864095625293
26,-0.6810159081211792,-0.5062309761705334,0.9722864095625293
27,0.6940511359548869,0.7057467293931321,0.4185730139320345
28,0.777606605004383,0.3404864470782614,0.6405019807474095
29,0.777606605004383,0.3404864470782614,0.6405019807474095
30,0.777606605004383,0.3404864470782614,0.6405019807474095
31,-0.5699498673923131,-0.7938157217479767,0.985086536767419
32,-0.5699498673923131,-0.7938157217479767,0.985086536767419
33,-0.5699498673923131,-0.7938157217479767,0.985086536767419
34,-0.5699498673923131,-0.7938157217479767,0.985086536767419
35,-0.5699498673923131,-0.7938157217479767,0.985086536767419
36,0.777606605004383,0.3404864470782614,0.6405019807474095
37,0.777606605004383,0.3404864470782614,0.6405019807474095
38,0.777606605004383,0.3404864470782614,0.6405019807474095
39,0.777606605004383,0.3404864470782614,0.6405019807474095
40,-0.5699498673923131,-0.7938157217479767,0.985086536767419
41,-0.5699498673923131,-0.7938157217479767,0.985086536767419
42,-0.5699498673923131,-0.7938157217479767,0.985086536767419
43,-0.6810159081211792,-0.5062309761705334,0.9722864095625293
44,-0.5699498673923131,-0.7938157217479767,0.985086536767419
45,0.777606605004383,0.3404864470782614,0.6405019807474095
46,0.777606605004383,0.3404864470782614,0.6405019807474095
47,0.777606605004383,0.3404864470782614,0.6405019807474095
48,0.777606605004383,0.3404864470782614,0.6405019807474095
49,0.777606605004383,0.3404864470782614,0.6405019807474095
50,0.777606605004383,0.3404864470782614,0.6405019807474095
51,0.5208474488079916,-0.04053377867672947,-0.11699745678369255
52,0.5208474488079916,-0.04053377867672947,-0.11699745678369255
53,0.5208474488079916,-0.04053377867672947,-0.11699745678369255
54,0.777606605004383,0.3404864470782614,0.6405019807474095
55,0.5208474488079916,-0.04053377867672947,-0.11699745678369255
56,-0.8385390378354438,-0.8056790004776759,0.5271510966922157
57,-0.8385390378354438,-0.8056790004776759,0.5271510966922157
58,-0.5160113686562211,-0.8464246779320089,0.9442433385143348
59,0.8061198309538343,0.190542465203585,0.0890270422282324
60,0.8061198309538343,0.190542465203585,0.0890270422282324
61,-0.6377938375521148,-0.6165323123829011,0.8981857426715697
62,-0.6377938375521148,-0.6165323123829011,0.8981857426715697
63,-0.6377938375521148,-0.6165323123829011,0.8981857426715697
64,-0.6810159081211792,-0.5062309761705334,0.9722864095625293
65,-0.6810159081211792,-0.5062309761705334,0.9722864095625293
66,-0.6810159081211792,-0.5062309761705334,0.9722864095625293
67,-0.6810159081211792,-0.5062309761705334,0.9722864095625293
68,-0.5699498673923131,-0.7938157217479767,0.985086536767419
69,0.777606605004383,0.3404864470782614,0.6405019807474095
70,0.777606605004383,0.3404864470782614,0.6405019807474095
71,-0.5699498673923131,-0.7938157217479767,0.985086536767419
72,-0.5699498673923131,-0.7938157217479767,0.985086536767419
73,-0.5699498673923131,-0.7938157217479767,0.985086536767419
74,-0.5699498673923131,-0.7938157217479767,0.985086536767419
75,0.777606605004383,0.3404864470782614,0.6405019807474095
76,0.777606605004383,0.3404864470782614,0.6405019807474095
77,0.777606605004383,0.3404864470782614,0.6405019807474095
78,-0.5699498673923131,-0.7938157217479767,0.985086536767419
79,-0.5699498673923131,-0.7938157217479767,0.985086536767419
80,-0.5699498673923131,-0.7938157217479767,0.985086536767419
81,-0.5699498673923131,-0.7938157217479767,0.985086536767419
82,-0.5699498673923131,-0.7938157217479767,0.985086536767419
83,0.777606605004383,0.3404864470782614,0.6405019807474095
84,0.777606605004383,0.3404864470782614,0.6405019807474095
85,0.777606605004383,0.3404864470782614,0.6405019807474095
86,0.777606605004383,0.3404864470782614,0.6405019807474095
87,-0.6810159081211792,-0.5062309761705334,0.9722864095625293
88,-0.6810159081211792,-0.5062309761705334,0.9722864095625293
89,-0.6810159081211792,-0.5062309761705334,0.9722864095625293
90,-0.5699498673923131,-0.7938157217479767,0.985086536767419
91,-0.5699498673923131,-0.7938157217479767,0.985086536767419
92,0.777606605004383,0.3404864470782614,0.6405019807474095
93,0.777606605004383,0.3404864470782614,0.6405019807474095
94,0.777606605004383,0.3404864470782614,0.6405019807474095
95,-0.5699498673923131,-0.7938157217479767,0.985086536767419
96,-0.5699498673923131,-0.7938157217479767,0.985086536767419
97,-0.5160113686562211,-0.8464246779320089,0.9442433385143348
98,-0.5160113686562211,-0.8464246779320089,0.9442433385143348
99,0.7316599259970165,0.6149953966420376,-0.22013731599853475
100,0.7316599259970165,0.6149953966420376,-0.22013731599853475
101,0.5208474488079916,-0.04053377867672947,-0.11699745678369255
102,0.5208474488079916,-0.04053377867672947,-0.11699745678369255
103,0.5208474488079916,-0.04053377867672947,-0.11699745678369255
104,0.5208474488079916,-0.04053377867672947,-0.11699745678369255
105,0.777606605004383,0.3404864470782614,0.6405019807474095
106,0.5208474488079916,-0.04053377867672947,-0.11699745678369255
107,-0.8037915415430585,-0.9008787131120102,0.916869187087223
108,-0.859855972773176,-0.741069516613488,0.8499444742613463
109,-0.5699498673923131,-0.7938157217479767,0.985086536767419
110,0.777606605004383,0.3404864470782614,0.6405019807474095
111,0.777606605004383,0.3404864470782614,0.6405019807474095
112,-0.5699498673923131,-0.7938157217479767,0.985086536767419
113,-0.859855972773176,-0.741069516613488,0.8499444742613463
114,-0.8037915415430585,-0.9008787131120102,0.916869187087223
115,-0.8037915415430585,-0.9008787131120102,0.916869187087223
116,-0.7749785634722142,-0.9272774849170186,0.7159351487727482
117,-0.6377938375521148,-0.6165323123829011,0.8981857426715697
118,0.7316599259970165,0.6149953966420376,-0.22013731599853475
119,0.6940511359548869,0.7057467293931321,0.4185730139320345
120,0.777606605004383,0.3404864470782614,0.6405019807474095
121,-0.5699498673923131,-0.7938157217479767,0.985086536767419
122,-0.8037915415430585,-0.9008787131120102,0.916869187087223
123,-0.859855972773176,-0.741069516613488,0.8499444742613463
124,-0.6810159081211792,-0.5062309761705334,0.9722864095625293
125,-0.5699498673923131,-0.7938157217479767,0.985086536767419
126,-0.8037915415430585,-0.9008787131120102,0.916869187087223
127,0.5208474488079916,-0.04053377867672947,-0.11699745678369255
128,0.777606605004383,0.3404864470782614,0.6405019807474095
129,-0.5699498673923131,-0.7938157217479767,0.985086536767419
130,-0.5699498673923131,-0.7938157217479767,0.985086536767419
131,-0.5699498673923131,-0.7938157217479767,0.985086536767419
132,-0.5699498673923131,-0.7938157217479767,0.985086536767419
133,-0.5699498673923131,-0.7938157217479767,0.985086536767419
134,-0.5699498673923131,-0.7938157217479767,0.985086536767419
135,0.777606605004383,0.3404864470782614,0.6405019807474095
136,0.777606605004383,0.3404864470782614,0.6405019807474095
137,0.6940511359548869,0.7057467293931321,0.4185730139320345
138,0.777606605004383,0.3404864470782614,0.6405019807474095
139,0.777606605004383,0.3404864470782614,0.6405019807474095
140,-0.6810159081211792,-0.5062309761705334,0.9722864095625293
141,-0.6810159081211792,-0.5062309761705334,0.9722864095625293
142,-0.6810159081211792,-0.5062309761705334,0.9722864095625293
143,-0.6810159081211792,-0.5062309761705334,0.9722864095625293
144,-0.6810159081211792,-0.5062309761705334,0.9722864095625293
145,-0.6810159081211792,-0.5062309761705334,0.9722864095625293
146,0.777606605004383,0.3404864470782614,0.6405019807474095
147,0.777606605004383,0.3404864470782614,0.6405019807474095
148,0.777606605004383,0.3404864470782614,0.6405019807474095
149,-0.5699498673923131,-0.7938157217479767,0.985086536767419
150,-0.5699498673923131,-0.7938157217479767,0.985086536767419
151,-0.5699498673923131,-0.7938157217479767,0.985086536767419
152,-0.5699498673923131,-0.7938157217479767,0.985086536767419
153,-0.5699498673923131,-0.7938157217479767,0.985086536767419
154,0.777606605004383,0.3404864470782614,0.6405019807474095
155,0.777606605004383,0.3404864470782614,0.6405019807474095
156,0.777606605004383,0.3404864470782614,0.6405019807474095
157,0.777606605004383,0.3404864470782614,0.6405019807474095
158,-0.8037915415430585,-0.9008787131120102,0.916869187087223
159,-0.8037915415430585,-0.9008787131120102,0.916869187087223
160,-0.8037915415430585,-0.9008787131120102,0.916869187087223
161,0.777606605004383,0.3404864470782614,0.6405019807474095
162,0.777606605004383,0.3404864470782614,0.6405019807474095
163,0.777606605004383,0.3404864470782614,0.6405019807474095
164,-0.8037915415430585,-0.9008787131120102,0.916869187087223
165,-0.8037915415430585,-0.9008787131120102,0.916869187087223
166,-0.6810159081211792,-0.5062309761705334,0.9722864095625293
167,-0.5699498673923131,-0.7938157217479767,0.985086536767419
168,-0.5699498673923131,-0.7938157217479767,0.985086536767419
169,0.777606605004383,0.3404864470782614,0.6405019807474095
170,0.777606605004383,0.3404864470782614,0.6405019807474095
171,0.777606605004383,0.3404864470782614,0.6405019807474095
172,-0.5699498673923131,-0.7938157217479767,0.985086536767419
173,-0.5699498673923131,-0.7938157217479767,0.985086536767419
174,0.777606605004383,0.3404864470782614,0.6405019807474095
175,0.777606605004383,0.3404864470782614,0.6405019807474095
176,-0.6810159081211792,-0.5062309761705334,0.9722864095625293
177,-0.5699498673923131,-0.7938157217479767,0.985086536767419
178,-0.5699498673923131,-0.7938157217479767,0.985086536767419
179,0.777606605004383,0.3404864470782614,0.6405019807474095
180,0.777606605004383,0.3404864470782614,0.6405019807474095
181,0.777606605004383,0.3404864470782614,0.6405019807474095
182,0.8061198309538343,0.190542465203585,0.0890270422282324
183,0.5743982934122033,-0.19958341679482278,-0.6568749508128252
184,0.5743982934122033,-0.19958341679482278,-0.6568749508128252
185,0.5743982934122033,-0.19958341679482278,-0.6568749508128252
186,0.4386069754048281,0.31105896380754877,-0.8006285054215337
187,-0.7749785634722142,-0.9272774849170186,0.7159351487727482
188,-0.7749785634722142,-0.9272774849170186,0.7159351487727482
189,0.7316599259970165,0.6149953966420376,-0.22013731599853475
190,0.7316599259970165,0.6149953966420376,-0.22013731599853475
191,-0.859855972773176,-0.741069516613488,0.8499444742613463
192,-0.859855972773176,-0.741069516613488,0.8499444742613463
193,-0.859855972773176,-0.741069516613488,0.8499444742613463
194,-0.6810159081211792,-0.5062309761705334,0.9722864095625293
195,-0.6810159081211792,-0.5062309761705334,0.9722864095625293
196,-0.6810159081211792,-0.5062309761705334,0.9722864095625293
197,0.777606605004383,0.3404864470782614,0.6405019807474095
198,0.777606605004383,0.3404864470782614,0.6405019807474095
199,-0.5699498673923131,-0.7938157217479767,0.985086536767419
200,-0.5699498673923131,-0.7938157217479767,0.985086536767419
201,-0.8037915415430585,-0.9008787131120102,0.916869187087223
202,-0.8037915415430585,-0.9008787131120102,0.916869187087223
203,-0.8037915415430585,-0.9008787131120102,0.916869187087223
204,0.5208474488079916,-0.04053377867672947,-0.11699745678369255
205,0.5208474488079916,-0.04053377867672947,-0.11699745678369255
206,-0.8037915415430585,-0.9008787131120102,0.916869187087223
207,-0.5699498673923131,-0.7938157217479767,0.985086536767419
208,-0.8037915415430585,-0.9008787131120102,0.916869187087223
209,-0.8037915415430585,-0.9008787131120102,0.916869187087223
210,0.777606605004383,0.3404864470782614,0.6405019807474095
211,0.777606605004383,0.3404864470782614,0.6405019807474095
212,-0.8037915415430585,-0.9008787131120102,0.916869187087223
213,-0.8037915415430585,-0.9008787131120102,0.916869187087223
214,-0.5699498673923131,-0.7938157217479767,0.985086536767419
215,-0.5160113686562211,-0.8464246779320089,0.9442433385143348
216,-0.5160113686562211,-0.8464246779320089,0.9442433385143348
217,0.7316599259970165,0.6149953966420376,-0.22013731599853475
218,0.8061198309538343,0.190542465203585,0.0890270422282324
219,0.777606605004383,0.3404864470782614,0.6405019807474095
220,0.777606605004383,0.3404864470782614,0.6405019807474095
221,-0.859855972773176,-0.741069516613488,0.8499444742613463
222,-0.859855972773176,-0.741069516613488,0.8499444742613463
223,-0.859855972773176,-0.741069516613488,0.8499444742613463
224,0.5208474488079916,-0.04053377867672947,-0.11699745678369255
225,0.777606605004383,0.3404864470782614,0.6405019807474095
226,0.777606605004383,0.3404864470782614,0.6405019807474095
227,-0.5699498673923131,-0.7938157217479767,0.985086536767419
228,-0.859855972773176,-0.741069516613488,0.8499444742613463
229,-0.859855972773176,-0.741069516613488,0.8499444742613463
230,-0.859855972773176,-0.741069516613488,0.8499444742613463
231,-0.5699498673923131,-0.7938157217479767,0.985086536767419
232,-0.5699498673923131,-0.7938157217479767,0.985086536767419
233,0.6940511359548869,0.7057467293931321,0.4185730139320345
234,0.777606605004383,0.3404864470782614,0.6405019807474095
235,0.777606605004383,0.3404864470782614,0.6405019807474095
236,-0.6810159081211792,-0.5062309761705334,0.9722864095625293
237,-0.6810159081211792,-0.5062309761705334,0.9722864095625293
238,-0.6810159081211792,-0.5062309761705334,0.9722864095625293
239,-0.6810159081211792,-0.5062309761705334,0.9722864095625293
240,-0.6810159081211792,-0.5062309761705334,0.9722864095625293
241,-0.5699498673923131,-0.7938157217479767,0.985086536767419
242,-0.5699498673923131,-0.7938157217479767,0.985086536767419
243,0.777606605004383,0.3404864470782614,0.6405019807474095
244,0.777606605004383,0.3404864470782614,0.6405019807474095
245,0.777606605004383,0.3404864470782614,0.6405019807474095
246,0.777606605004383,0.3404864470782614,0.6405019807474095
247,-0.5699498673923131,-0.7938157217479767,0.985086536767419
248,-0.5699498673923131,-0.7938157217479767,0.985086536767419
249,-0.5699498673923131,-0.7938157217479767,0.985086536767419
250,0.777606605004383,0.3404864470782614,0.6405019807474095
251,0.8061198309538343,0.190542465203585,0.0890270422282324
252,0.7316599259970165,0.6149953966420376,-0.22013731599853475
253,-0.6377938375521148,-0.6165323123829011,0.8981857426715697
254,-0.5160113686562211,-0.8464246779320089,0.9442433385143348
255,-0.5160113686562211,-0.8464246779320089,0.9442433385143348
256,0.8061198309538343,0.190542465203585,0.0890270422282324
257,0.7316599259970165,0.6149953966420376,-0.22013731599853475
258,-0.6810159081211792,-0.5062309761705334,0.9722864095625293
259,-0.6810159081211792,-0.5062309761705334,0.9722864095625293
260,-0.6810159081211792,-0.5062309761705334,0.9722864095625293
261,0.6940511359548869,0.7057467293931321,0.4185730139320345
262,0.3747556613332234,0.44901035522555605,-0.405822202429658
263,-0.8037915415430585,-0.9008787131120102,0.916869187087223
264,-0.8037915415430585,-0.9008787131120102,0.916869187087223
265,0.777606605004383,0.3404864470782614,0.6405019807474095
266,0.777606605004383,0.3404864470782614,0.6405019807474095
267,-0.8037915415430585,-0.9008787131120102,0.916869187087223
268,-0.8037915415430585,-0.9008787131120102,0.916869187087223
269,0.777606605004383,0.3404864470782614,0.6405019807474095
270,0.777606605004383,0.3404864470782614,0.6405019807474095
271,-0.5699498673923131,-0.7938157217479767,0.985086536767419
272,-0.5699498673923131,-0.7938157217479767,0.985086536767419
273,-0.5699498673923131,-0.7938157217479767,0.985086536767419
274,-0.5699498673923131,-0.7938157217479767,0.985086536767419
275,-0.5699498673923131,-0.7938157217479767,0.985086536767419
276,-0.5699498673923131,-0.7938157217479767,0.985086536767419
277,0.8061198309538343,0.190542465203585,0.0890270422282324
278,0.8061198309538343,0.190542465203585,0.0890270422282324
279,0.777606605004383,0.3404864470782614,0.6405019807474095
280,0.777606605004383,0.3404864470782614,0.6405019807474095
281,0.777606605004383,0.3404864470782614,0.6405019807474095
282,-0.5699498673923131,-0.7938157217479767,0.985086536767419
283,-0.859855972773176,-0.741069516613488,0.8499444742613463
284,-0.8037915415430585,-0.9008787131120102,0.916869187087223
285,-0.8037915415430585,-0.9008787131120102,0.916869187087223
286,0.5743982934122033,-0.19958341679482278,-0.6568749508128252
287,0.7316599259970165,0.6149953966420376,-0.22013731599853475
288,0.7316599259970165,0.6149953966420376,-0.22013731599853475
289,0.6940511359548869,0.7057467293931321,0.4185730139320345
290,-0.6810159081211792,-0.5062309761705334,0.9722864095625293
291,-0.6810159081211792,-0.5062309761705334,0.9722864095625293
292,-0.859855972773176,-0.741069516613488,0.8499444742613463
293,-0.859855972773176,-0.741069516613488,0.8499444742613463
294,-0.8037915415430585,-0.9008787131120102,0.916869187087223
295,0.3747556613332234,0.44901035522555605,-0.405822202429658
296,0.6940511359548869,0.7057467293931321,0.4185730139320345
297,-0.5699498673923131,-0.7938157217479767,0.985086536767419
298,-0.8037915415430585,-0.9008787131120102,0.916869187087223
299,-0.859855972773176,-0.741069516613488,0.8499444742613463
300,-0.6810159081211792,-0.5062309761705334,0.9722864095625293
301,-0.6810159081211792,-0.5062309761705334,0.9722864095625293
302,-0.5699498673923131,-0.7938157217479767,0.985086536767419
303,0.777606605004383,0.3404864470782614,0.6405019807474095
304,0.777606605004383,0.3404864470782614,0.6405019807474095
305,-0.5699498673923131,-0.7938157217479767,0.985086536767419
306,-0.5699498673923131,-0.7938157217479767,0.985086536767419
307,-0.5699498673923131,-0.7938157217479767,0.985086536767419
308,-0.5699498673923131,-0.7938157217479767,0.985086536767419
309,0.777606605004383,0.3404864470782614,0.6405019807474095
310,0.777606605004383,0.3404864470782614,0.6405019807474095
311,0.777606605004383,0.3404864470782614,0.6405019807474095
312,-0.5699498673923131,-0.7938157217479767,0.985086536767419
313,-0.5699498673923131,-0.7938157217479767,0.985086536767419
314,0.777606605004383,0.3404864470782614,0.6405019807474095
315,0.777606605004383,0.3404864470782614,0.6405019807474095
316,0.777606605004383,0.3404864470782614,0.6405019807474095
317,-0.5699498673923131,-0.7938157217479767,0.985086536767419
318,-0.5699498673923131,-0.7938157217479767,0.985086536767419
319,0.777606605004383,0.3404864470782614,0.6405019807474095
320,0.777606605004383,0.3404864470782614,0.6405019807474095
321,0.6940511359548869,0.7057467293931321,0.4185730139320345
322,0.777606605004383,0.3404864470782614,0.6405019807474095
323,-0.5699498673923131,-0.7938157217479767,0.985086536767419
324,-0.859855972773176,-0.741069516613488,0.8499444742613463
325,0.5208474488079916,-0.04053377867672947,-0.11699745678369255
326,0.5208474488079916,-0.04053377867672947,-0.11699745678369255
327,0.3747556613332234,0.44901035522555605,-0.405822202429658
328,0.4386069754048281,0.31105896380754877,-0.8006285054215337
329,0.5743982934122033,-0.19958341679482278,-0.6568749508128252
330,-0.7749785634722142,-0.9272774849170186,0.7159351487727482
331,-0.7749785634722142,-0.9272774849170186,0.7159351487727482
332,0.8061198309538343,0.190542465203585,0.0890270422282324
333,0.7316599259970165,0.6149953966420376,-0.22013731599853475
334,-0.6810159081211792,-0.5062309761705334,0.9722864095625293
335,-0.859855972773176,-0.741069516613488,0.8499444742613463
336,-0.859855972773176,-0.741069516613488,0.8499444742613463
337,-0.859855972773176,-0.741069516613488,0.8499444742613463
338,-0.859855972773176,-0.741069516613488,0.8499444742613463
339,-0.859855972773176,-0.741069516613488,0.8499444742613463
340,0.777606605004383,0.3404864470782614,0.6405019807474095
341,0.777606605004383,0.3404864470782614,0.6405019807474095
342,-0.5699498673923131,-0.7938157217479767,0.985086536767419
343,-0.5699498673923131,-0.7938157217479767,0.985086536767419
344,-0.6810159081211792,-0.5062309761705334,0.9722864095625293
345,-0.6810159081211792,-0.5062309761705334,0.9722864095625293
346,-0.5699498673923131,-0.7938157217479767,0.985086536767419
347,-0.5699498673923131,-0.7938157217479767,0.985086536767419
348,-0.5699498673923131,-0.7938157217479767,0.985086536767419
349,-0.5699498673923131,-0.7938157217479767,0.985086536767419
350,0.777606605004383,0.3404864470782614,0.6405019807474095
351,0.777606605004383,0.3404864470782614,0.6405019807474095
352,0.777606605004383,0.3404864470782614,0.6405019807474095
353,-0.5699498673923131,-0.7938157217479767,0.985086536767419
354,-0.5699498673923131,-0.7938157217479767,0.985086536767419
355,-0.5699498673923131,-0.7938157217479767,0.985086536767419
356,-0.5699498673923131,-0.7938157217479767,0.985086536767419
357,0.777606605004383,0.3404864470782614,0.6405019807474095
358,0.777606605004383,0.3404864470782614,0.6405019807474095
359,0.777606605004383,0.3404864470782614,0.6405019807474095
360,-0.5699498673923131,-0.7938157217479767,0.985086536767419
361,-0.6810159081211792,-0.5062309761705334,0.9722864095625293
362,-0.5699498673923131,-0.7938157217479767,0.985086536767419
363,-0.5699498673923131,-0.7938157217479767,0.985086536767419
364,-0.5699498673923131,-0.7938157217479767,0.985086536767419
365,0.777606605004383,0.3404864470782614,0.6405019807474095
366,0.777606605004383,0.3404864470782614,0.6405019807474095
367,0.6940511359548869,0.7057467293931321,0.4185730139320345
368,0.777606605004383,0.3404864470782614,0.6405019807474095
369,-0.5699498673923131,-0.7938157217479767,0.985086536767419
370,-0.6810159081211792,-0.5062309761705334,0.9722864095625293
371,-0.5699498673923131,-0.7938157217479767,0.985086536767419
372,-0.5699498673923131,-0.7938157217479767,0.985086536767419
373,0.777606605004383,0.3404864470782614,0.6405019807474095
374,0.777606605004383,0.3404864470782614,0.6405019807474095
375,0.6940511359548869,0.7057467293931321,0.4185730139320345
376,-0.5699498673923131,-0.7938157217479767,0.985086536767419
377,-0.5699498673923131,-0.7938157217479767,0.985086536767419
378,-0.5699498673923131,-0.7938157217479767,0.985086536767419
379,-0.5699498673923131,-0.7938157217479767,0.985086536767419
380,-0.5699498673923131,-0.7938157217479767,0.985086536767419
381,0.777606605004383,0.3404864470782614,0.6405019807474095
382,0.777606605004383,0.3404864470782614,0.6405019807474095
383,0.3747556613332234,0.44901035522555605,-0.405822202429658
384,0.5208474488079916,-0.04053377867672947,-0.11699745678369255
385,0.5208474488079916,-0.04053377867672947,-0.11699745678369255
386,0.5208474488079916,-0.04053377867672947,-0.11699745678369255
387,0.5743982934122033,-0.19958341679482278,-0.6568749508128252
388,-0.7749785634722142,-0.9272774849170186,0.7159351487727482
389,-0.7749785634722142,-0.9272774849170186,0.7159351487727482
390,0.8061198309538343,0.190542465203585,0.0890270422282324
391,0.7316599259970165,0.6149953966420376,-0.22013731599853475
392,-0.5160113686562211,-0.8464246779320089,0.9442433385143348
393,-0.8037915415430585,-0.9008787131120102,0.916869187087223
394,-0.8037915415430585,-0.9008787131120102,0.916869187087223
395,-0.8037915415430585,-0.9008787131120102,0.916869187087223
396,-0.859855972773176,-0.741069516613488,0.8499444742613463
397,-0.8037915415430585,-0.9008787131120102,0.916869187087223
398,-0.8037915415430585,-0.9008787131120102,0.916869187087223
399,0.777606605004383,0.3404864470782614,0.6405019807474095
400,0.777606605004383,0.3404864470782614,0.6405019807474095
401,-0.5699498673923131,-0.7938157217479767,0.985086536767419
402,-0.6810159081211792,-0.5062309761705334,0.9722864095625293
403,-0.5699498673923131,-0.7938157217479767,0.985086536767419
404,-0.8037915415430585,-0.9008787131120102,0.916869187087223
405,-0.8037915415430585,-0.9008787131120102,0.916869187087223
406,0.5208474488079916,-0.04053377867672947,-0.11699745678369255
407,0.777606605004383,0.3404864470782614,0.6405019807474095
408,-0.6810159081211792,-0.5062309761705334,0.9722864095625293
409,-0.5699498673923131,-0.7938157217479767,0.985086536767419
410,-0.5699498673923131,-0.7938157217479767,0.985086536767419
411,-0.8037915415430585,-0.9008787131120102,0.916869187087223
412,-0.8037915415430585,-0.9008787131120102,0.916869187087223
413,0.777606605004383,0.3404864470782614,0.6405019807474095
414,0.777606605004383,0.3404864470782614,0.6405019807474095
415,-0.5699498673923131,-0.7938157217479767,0.985086536767419
416,-0.5699498673923131,-0.7938157217479767,0.985086536767419
417,-0.5699498673923131,-0.7938157217479767,0.985086536767419
418,-0.8037915415430585,-0.9008787131120102,0.916869187087223
419,-0.8037915415430585,-0.9008787131120102,0.916869187087223
420,0.777606605004383,0.3404864470782614,0.6405019807474095
421,0.777606605004383,0.3404864470782614,0.6405019807474095
422,-0.5699498673923131,-0.7938157217479767,0.985086536767419
423,-0.5699498673923131,-0.7938157217479767,0.985086536767419
424,-0.8037915415430585,-0.9008787131120102,0.916869187087223
425,-0.8037915415430585,-0.9008787131120102,0.916869187087223
426,-0.5699498673923131,-0.7938157217479767,0.985086536767419
427,0.777606605004383,0.3404864470782614,0.6405019807474095
428,0.777606605004383,0.3404864470782614,0.6405019807474095
429,0.777606605004383,0.3404864470782614,0.6405019807474095
430,0.777606605004383,0.3404864470782614,0.6405019807474095
431,-0.6810159081211792,-0.5062309761705334,0.9722864095625293
432,-0.859855972773176,-0.741069516613488,0.8499444742613463
433,-0.859855972773176,-0.741069516613488,0.8499444742613463
434,-0.8037915415430585,-0.9008787131120102,0.916869187087223
435,0.5208474488079916,-0.04053377867672947,-0.11699745678369255
436,0.777606605004383,0.3404864470782614,0.6405019807474095
437,0.777606605004383,0.3404864470782614,0.6405019807474095
438,-0.6810159081211792,-0.5062309761705334,0.9722864095625293
439,-0.6810159081211792,-0.5062309761705334,0.9722864095625293
440,-0.859855972773176,-0.741069516613488,0.8499444742613463
441,-0.859855972773176,-0.741069516613488,0.8499444742613463
442,-0.6810159081211792,-0.5062309761705334,0.9722864095625293
443,-0.5699498673923131,-0.7938157217479767,0.985086536767419
444,0.777606605004383,0.3404864470782614,0.6405019807474095
445,0.777606605004383,0.3404864470782614,0.6405019807474095
446,0.777606605004383,0.3404864470782614,0.6405019807474095
447,-0.5699498673923131,-0.7938157217479767,0.985086536767419
448,-0.5699498673923131,-0.7938157217479767,0.985086536767419
449,-0.5699498673923131,-0.7938157217479767,0.985086536767419
450,-0.5699498673923131,-0.7938157217479767,0.985086536767419
451,-0.5699498673923131,-0.7938157217479767,0.985086536767419
452,-0.5699498673923131,-0.7938157217479767,0.985086536767419
453,-0.5699498673923131,-0.7938157217479767,0.985086536767419
454,0.777606605004383,0.3404864470782614,0.6405019807474095
455,0.8061198309538343,0.190542465203585,0.0890270422282324
456,0.8061198309538343,0.190542465203585,0.0890270422282324
457,0.777606605004383,0.3404864470782614,0.6405019807474095
458,0.8061198309538343,0.190542465203585,0.0890270422282324
459,-0.5160113686562211,-0.8464246779320089,0.9442433385143348
460,-0.5160113686562211,-0.8464246779320089,0.9442433385143348
461,-0.5160113686562211,-0.8464246779320089,0.9442433385143348
462,-0.5160113686562211,-0.8464246779320089,0.9442433385143348
463,-0.5160113686562211,-0.8464246779320089,0.9442433385143348
464,0.7316599259970165,0.6149953966420376,-0.22013731599853475
465,0.7316599259970165,0.6149953966420376,-0.22013731599853475
466,0.777606605004383,0.3404864470782614,0.6405019807474095
467,0.777606605004383,0.3404864470782614,0.6405019807474095
468,-0.5699498673923131,-0.7938157217479767,0.985086536767419
469,-0.859855972773176,-0.741069516613488,0.8499444742613463
470,-0.859855972773176,-0.741069516613488,0.8499444742613463
471,-0.859855972773176,-0.741069516613488,0.8499444742613463
472,0.3747556613332234,0.44901035522555605,-0.405822202429658
473,0.777606605004383,0.3404864470782614,0.6405019807474095
474,0.777606605004383,0.3404864470782614,0.6405019807474095
475,-0.6810159081211792,-0.5062309761705334,0.9722864095625293
476,-0.859855972773176,-0.741069516613488,0.8499444742613463
477,-0.859855972773176,-0.741069516613488,0.8499444742613463
478,-0.859855972773176,-0.741069516613488,0.8499444742613463
479,-0.859855972773176,-0.741069516613488,0.8499444742613463
480,0.777606605004383,0.3404864470782614,0.6405019807474095
481,0.777606605004383,0.3404864470782614,0.6405019807474095
482,-0.5699498673923131,-0.7938157217479767,0.985086536767419
483,-0.6810159081211792,-0.5062309761705334,0.9722864095625293
484,-0.6810159081211792,-0.5062309761705334,0.9722864095625293
485,-0.6810159081211792,-0.5062309761705334,0.9722864095625293
486,-0.5699498673923131,-0.7938157217479767,0.985086536767419
487,-0.5699498673923131,-0.7938157217479767,0.985086536767419
488,-0.5699498673923131,-0.7938157217479767,0.985086536767419
489,0.777606605004383,0.3404864470782614,0.6405019807474095
490,0.777606605004383,0.3404864470782614,0.6405019807474095
491,0.777606605004383,0.3404864470782614,0.6405019807474095
492,0.777606605004383,0.3404864470782614,0.6405019807474095
493,-0.5699498673923131,-0.7938157217479767,0.985086536767419
494,-0.6810159081211792,-0.5062309761705334,0.9722864095625293
495,-0.5699498673923131,-0.7938157217479767,0.985086536767419
496,-0.5699498673923131,-0.7938157217479767,0.985086536767419
497,-0.5699498673923131,-0.7938157217479767,0.985086536767419
498,-0.5699498673923131,-0.7938157217479767,0.985086536767419
499,0.777606605004383,0.3404864470782614,0.6405019807474095
500,0.777606605004383,0.3404864470782614,0.6405019807474095
501,0.6940511359548869,0.7057467293931321,0.4185730139320345
502,0.777606605004383,0.3404864470782614,0.6405019807474095
503,-0.5699498673923131,-0.7938157217479767,0.985086536767419
504,-0.5699498673923131,-0.7938157217479767,0.985086536767419
505,-0.5699498673923131,-0.7938157217479767,0.985086536767419
506,0.777606605004383,0.3404864470782614,0.6405019807474095
507,0.777606605004383,0.3404864470782614,0.6405019807474095
508,-0.6810159081211792,-0.5062309761705334,0.9722864095625293
509,-0.5699498673923131,-0.7938157217479767,0.985086536767419
510,-0.5699498673923131,-0.7938157217479767,0.985086536767419
511,0.777606605004383,0.3404864470782614,0.6405019807474095
512,0.777606605004383,0.3404864470782614,0.6405019807474095
513,0.777606605004383,0.3404864470782614,0.6405019807474095
514,-0.5699498673923131,-0.7938157217479767,0.985086536767419
515,-0.5699498673923131,-0.7938157217479767,0.985086536767419
516,0.777606605004383,0.3404864470782614,0.6405019807474095
517,0.5208474488079916,-0.04053377867672947,-0.11699745678369255
518,-0.859855972773176,-0.741069516613488,0.8499444742613463
519,0.5208474488079916,-0.04053377867672947,-0.11699745678369255
520,0.5743982934122033,-0.19958341679482278,-0.6568749508128252
521,0.4386069754048281,0.31105896380754877,-0.8006285054215337
522,-0.7749785634722142,-0.9272774849170186,0.7159351487727482
523,-0.7749785634722142,-0.9272774849170186,0.7159351487727482
524,0.7316599259970165,0.6149953966420376,-0.22013731599853475
525,-0.6377938375521148,-0.6165323123829011,0.8981857426715697
526,-0.5160113686562211,-0.8464246779320089,0.9442433385143348
527,-0.6810159081211792,-0.5062309761705334,0.9722864095625293
528,-0.6810159081211792,-0.5062309761705334,0.9722864095625293
529,-0.8037915415430585,-0.9008787131120102,0.916869187087223
530,-0.8037915415430585,-0.9008787131120102,0.916869187087223
531,0.5208474488079916,-0.04053377867672947,-0.11699745678369255
532,0.5208474488079916,-0.04053377867672947,-0.11699745678369255
533,0.5208474488079916,-0.04053377867672947,-0.11699745678369255
534,0.5208474488079916,-0.04053377867672947,-0.11699745678369255
535,-0.5699498673923131,-0.7938157217479767,0.985086536767419
536,-0.8037915415430585,-0.9008787131120102,0.916869187087223
537,-0.859855972773176,-0.741069516613488,0.8499444742613463
538,-0.6810159081211792,-0.5062309761705334,0.9722864095625293
539,0.6940511359548869,0.7057467293931321,0.4185730139320345
540,0.3747556613332234,0.44901035522555605,-0.405822202429658
541,-0.8037915415430585,-0.9008787131120102,0.916869187087223
542,-0.8037915415430585,-0.9008787131120102,0.916869187087223
543,-0.859855972773176,-0.741069516613488,0.8499444742613463
544,-0.859855972773176,-0.741069516613488,0.8499444742613463
545,-0.6810159081211792,-0.5062309761705334,0.9722864095625293
546,0.777606605004383,0.3404864470782614,0.6405019807474095
547,0.777606605004383,0.3404864470782614,0.6405019807474095
548,0.777606605004383,0.3404864470782614,0.6405019807474095
549,-0.5699498673923131,-0.7938157217479767,0.985086536767419
550,-0.5699498673923131,-0.7938157217479767,0.985086536767419
551,-0.5699498673923131,-0.7938157217479767,0.985086536767419
552,-0.5699498673923131,-0.7938157217479767,0.985086536767419
553,-0.5699498673923131,-0.7938157217479767,0.985086536767419
554,-0.5699498673923131,-0.7938157217479767,0.985086536767419
555,-0.5699498673923131,-0.7938157217479767,0.985086536767419
556,-0.5699498673923131,-0.7938157217479767,0.985086536767419
557,0.777606605004383,0.3404864470782614,0.6405019807474095
558,0.777606605004383,0.3404864470782614,0.6405019807474095
559,0.777606605004383,0.3404864470782614,0.6405019807474095
560,0.777606605004383,0.3404864470782614,0.6405019807474095
561,-0.6810159081211792,-0.5062309761705334,0.9722864095625293
562,-0.6810159081211792,-0.5062309761705334,0.9722864095625293
563,-0.6810159081211792,-0.5062309761705334,0.9722864095625293
564,-0.5699498673923131,-0.7938157217479767,0.985086536767419
565,-0.5699498673923131,-0.7938157217479767,0.985086536767419
566,0.777606605004383,0.3404864470782614,0.6405019807474095
567,0.777606605004383,0.3404864470782614,0.6405019807474095
568,0.777606605004383,0.3404864470782614,0.6405019807474095
569,0.777606605004383,0.3404864470782614,0.6405019807474095
570,-0.5699498673923131,-0.7938157217479767,0.985086536767419
571,-0.5699498673923131,-0.7938157217479767,0.985086536767419
572,-0.5699498673923131,-0.7938157217479767,0.985086536767419
573,0.777606605004383,0.3404864470782614,0.6405019807474095
574,0.777606605004383,0.3404864470782614,0.6405019807474095
575,0.6940511359548869,0.7057467293931321,0.4185730139320345
576,-0.8037915415430585,-0.9008787131120102,0.916869187087223
577,-0.8037915415430585,-0.9008787131120102,0.916869187087223
578,-0.5699498673923131,-0.7938157217479767,0.985086536767419
579,0.777606605004383,0.3404864470782614,0.6405019807474095
580,0.777606605004383,0.3404864470782614,0.6405019807474095
581,-0.5699498673923131,-0.7938157217479767,0.985086536767419
582,-0.5699498673923131,-0.7938157217479767,0.985086536767419
583,0.777606605004383,0.3404864470782614,0.6405019807474095
584,0.777606605004383,0.3404864470782614,0.6405019807474095
585,0.6940511359548869,0.7057467293931321,0.4185730139320345
586,-0.5699498673923131,-0.7938157217479767,0.985086536767419
587,-0.5699498673923131,-0.7938157217479767,0.985086536767419
588,-0.6377938375521148,-0.6165323123829011,0.8981857426715697
589,-0.8385390378354438,-0.8056790004776759,0.5271510966922157
590,0.5743982934122033,-0.19958341679482278,-0.6568749508128252
591,0.8061198309538343,0.190542465203585,0.0890270422282324
592,0.8061198309538343,0.190542465203585,0.0890270422282324
593,0.8061198309538343,0.190542465203585,0.0890270422282324
594,0.7316599259970165,0.6149953966420376,-0.22013731599853475
595,-0.859855972773176,-0.741069516613488,0.8499444742613463
596,-0.859855972773176,-0.741069516613488,0.8499444742613463
597,0.777606605004383,0.3404864470782614,0.6405019807474095
598,0.777606605004383,0.3404864470782614,0.6405019807474095
599,-0.859855972773176,-0.741069516613488,0.8499444742613463
600,-0.859855972773176,-0.741069516613488,0.8499444742613463
601,-0.859855972773176,-0.741069516613488,0.8499444742613463
602,-0.5160113686562211,-0.8464246779320089,0.9442433385143348
603,0.8061198309538343,0.190542465203585,0.0890270422282324
604,0.7316599259970165,0.6149953966420376,-0.22013731599853475
605,-0.6810159081211792,-0.5062309761705334,0.9722864095625293
606,-0.6810159081211792,-0.5062309761705334,0.9722864095625293
607,-0.6810159081211792,-0.5062309761705334,0.9722864095625293
608,-0.6810159081211792,-0.5062309761705334,0.9722864095625293
609,-0.5699498673923131,-0.7938157217479767,0.985086536767419
610,-0.5699498673923131,-0.7938157217479767,0.985086536767419
611,-0.5699498673923131,-0.7938157217479767,0.985086536767419
612,-0.5699498673923131,-0.7938157217479767,0.985086536767419
613,0.777606605004383,0.3404864470782614,0.6405019807474095
614,0.777606605004383,0.3404864470782614,0.6405019807474095
615,0.777606605004383,0.3404864470782614,0.6405019807474095
616,-0.5699498673923131,-0.7938157217479767,0.985086536767419
617,-0.5699498673923131,-0.7938157217479767,0.985086536767419
618,-0.5699498673923131,-0.7938157217479767,0.985086536767419
619,-0.5699498673923131,-0.7938157217479767,0.985086536767419
620,0.777606605004383,0.3404864470782614,0.6405019807474095
621,0.777606605004383,0.3404864470782614,0.6405019807474095
622,-0.6810159081211792,-0.5062309761705334,0.9722864095625293
623,-0.5699498673923131,-0.7938157217479767,0.985086536767419
624,-0.5699498673923131,-0.7938157217479767,0.985086536767419
625,0.777606605004383,0.3404864470782614,0.6405019807474095
626,0.777606605004383,0.3404864470782614,0.6405019807474095
627,-0.5699498673923131,-0.7938157217479767,0.985086536767419
628,-0.5699498673923131,-0.7938157217479767,0.985086536767419
629,-0.5699498673923131,-0.7938157217479767,0.985086536767419
630,-0.5699498673923131,-0.7938157217479767,0.985086536767419
631,0.777606605004383,0.3404864470782614,0.6405019807474095
632,0.777606605004383,0.3404864470782614,0.6405019807474095
633,0.6940511359548869,0.7057467293931321,0.4185730139320345
634,0.777606605004383,0.3404864470782614,0.6405019807474095
635,-0.5699498673923131,-0.7938157217479767,0.985086536767419
636,-0.6810159081211792,-0.5062309761705334,0.9722864095625293
637,-0.5699498673923131,-0.7938157217479767,0.985086536767419
638,-0.5699498673923131,-0.7938157217479767,0.985086536767419
639,0.777606605004383,0.3404864470782614,0.6405019807474095
640,0.777606605004383,0.3404864470782614,0.6405019807474095
641,0.777606605004383,0.3404864470782614,0.6405019807474095
642,0.777606605004383,0.3404864470782614,0.6405019807474095
643,-0.6810159081211792,-0.5062309761705334,0.9722864095625293
644,-0.8037915415430585,-0.9008787131120102,0.916869187087223
645,0.5208474488079916,-0.04053377867672947,-0.11699745678369255
646,0.5208474488079916,-0.04053377867672947,-0.11699745678369255
647,0.5208474488079916,-0.04053377867672947,-0.11699745678369255
648,0.3747556613332234,0.44901035522555605,-0.405822202429658
649,0.5208474488079916,-0.04053377867672947,-0.11699745678369255
650,-0.8037915415430585,-0.9008787131120102,0.916869187087223
651,0.5743982934122033,-0.19958341679482278,-0.6568749508128252
652,0.8061198309538343,0.190542465203585,0.0890270422282324
653,0.8061198309538343,0.190542465203585,0.0890270422282324
654,-0.859855972773176,-0.741069516613488,0.8499444742613463
655,-0.859855972773176,-0.741069516613488,0.8499444742613463
656,-0.6810159081211792,-0.5062309761705334,0.9722864095625293
657,-0.6377938375521148,-0.6165323123829011,0.8981857426715697
658,-0.5699498673923131,-0.7938157217479767,0.985086536767419
659,0.777606605004383,0.3404864470782614,0.6405019807474095
660,0.777606605004383,0.3404864470782614,0.6405019807474095
661,-0.8037915415430585,-0.9008787131120102,0.916869187087223
662,-0.859855972773176,-0.741069516613488,0.8499444742613463
663,-0.859855972773176,-0.741069516613488,0.8499444742613463
664,-0.8037915415430585,-0.9008787131120102,0.916869187087223
665,-0.5160113686562211,-0.8464246779320089,0.9442433385143348
666,0.7316599259970165,0.6149953966420376,-0.22013731599853475
667,0.7316599259970165,0.6149953966420376,-0.22013731599853475
668,0.6940511359548869,0.7057467293931321,0.4185730139320345
669,0.6940511359548869,0.7057467293931321,0.4185730139320345
670,-0.5699498673923131,-0.7938157217479767,0.985086536767419
671,-0.5699498673923131,-0.7938157217479767,0.985086536767419
672,-0.6810159081211792,-0.5062309761705334,0.9722864095625293
673,-0.6810159081211792,-0.5062309761705334,0.9722864095625293
674,-0.6810159081211792,-0.5062309761705334,0.9722864095625293
675,-0.6810159081211792,-0.5062309761705334,0.9722864095625293
676,-0.6810159081211792,-0.5062309761705334,0.9722864095625293
677,-0.5699498673923131,-0.7938157217479767,0.985086536767419
678,-0.5699498673923131,-0.7938157217479767,0.985086536767419
679,0.777606605004383,0.3404864470782614,0.6405019807474095
680,0.777606605004383,0.3404864470782614,0.6405019807474095
681,0.777606605004383,0.3404864470782614,0.6405019807474095
682,-0.5699498673923131,-0.7938157217479767,0.985086536767419
683,-0.5699498673923131,-0.7938157217479767,0.985086536767419
684,-0.5699498673923131,-0.7938157217479767,0.985086536767419
685,-0.5699498673923131,-0.7938157217479767,0.985086536767419
686,-0.5699498673923131,-0.7938157217479767,0.985086536767419
687,0.777606605004383,0.3404864470782614,0.6405019807474095
688,0.777606605004383,0.3404864470782614,0.6405019807474095
689,0.777606605004383,0.3404864470782614,0.6405019807474095
690,0.777606605004383,0.3404864470782614,0.6405019807474095
691,0.777606605004383,0.3404864470782614,0.6405019807474095
692,-0.5699498673923131,-0.7938157217479767,0.985086536767419
693,-0.6810159081211792,-0.5062309761705334,0.9722864095625293
694,0.777606605004383,0.3404864470782614,0.6405019807474095
695,0.777606605004383,0.3404864470782614,0.6405019807474095
696,-0.5699498673923131,-0.7938157217479767,0.985086536767419
697,-0.8037915415430585,-0.9008787131120102,0.916869187087223
698,-0.8037915415430585,-0.9008787131120102,0.916869187087223
699,0.5208474488079916,-0.04053377867672947,-0.11699745678369255
700,0.5208474488079916,-0.04053377867672947,-0.11699745678369255
701,0.777606605004383,0.3404864470782614,0.6405019807474095
702,0.6940511359548869,0.7057467293931321,0.4185730139320345
703,-0.859855972773176,-0.741069516613488,0.8499444742613463
704,-0.7749785634722142,-0.9272774849170186,0.7159351487727482
705,-0.7749785634722142,-0.9272774849170186,0.7159351487727482
706,-0.5160113686562211,-0.8464246779320089,0.9442433385143348
707,0.8061198309538343,0.190542465203585,0.0890270422282324
708,0.8061198309538343,0.190542465203585,0.0890270422282324
709,0.6940511359548869,0.7057467293931321,0.4185730139320345
710,-0.6810159081211792,-0.5062309761705334,0.9722864095625293
711,-0.6810159081211792,-0.5062309761705334,0.9722864095625293
712,-0.6810159081211792,-0.5062309761705334,0.9722864095625293
713,-0.6810159081211792,-0.5062309761705334,0.9722864095625293
714,-0.5699498673923131,-0.7938157217479767,0.985086536767419
715,-0.5699498673923131,-0.7938157217479767,0.985086536767419
716,-0.5699498673923131,-0.7938157217479767,0.985086536767419
717,-0.5699498673923131,-0.7938157217479767,0.985086536767419
718,0.777606605004383,0.3404864470782614,0.6405019807474095
719,0.777606605004383,0.3404864470782614,0.6405019807474095
720,0.6940511359548869,0.7057467293931321,0.4185730139320345
721,0.777606605004383,0.3404864470782614,0.6405019807474095
722,-0.5699498673923131,-0.7938157217479767,0.985086536767419
723,-0.6810159081211792,-0.5062309761705334,0.9722864095625293
724,-0.6810159081211792,-0.5062309761705334,0.9722864095625293
725,-0.6810159081211792,-0.5062309761705334,0.9722864095625293
726,-0.5699498673923131,-0.7938157217479767,0.985086536767419
727,0.777606605004383,0.3404864470782614,0.6405019807474095
728,0.777606605004383,0.3404864470782614,0.6405019807474095
729,-0.5699498673923131,-0.7938157217479767,0.985086536767419
730,-0.5699498673923131,-0.7938157217479767,0.985086536767419
731,-0.5699498673923131,-0.7938157217479767,0.985086536767419
732,-0.5699498673923131,-0.7938157217479767,0.985086536767419
733,0.777606605004383,0.3404864470782614,0.6405019807474095
734,0.8061198309538343,0.190542465203585,0.0890270422282324
735,0.8061198309538343,0.190542465203585,0.0890270422282324
736,-0.5160113686562211,-0.8464246779320089,0.9442433385143348
737,-0.5160113686562211,-0.8464246779320089,0.9442433385143348
738,-0.5160113686562211,-0.8464246779320089,0.9442433385143348
739,-0.5699498673923131,-0.7938157217479767,0.985086536767419
740,0.7316599259970165,0.6149953966420376,-0.22013731599853475
741,0.5743982934122033,-0.19958341679482278,-0.6568749508128252
742,-0.8037915415430585,-0.9008787131120102,0.916869187087223
743,-0.8037915415430585,-0.9008787131120102,0.916869187087223
744,0.4386069754048281,0.31105896380754877,-0.8006285054215337
745,0.4386069754048281,0.31105896380754877,-0.8006285054215337
746,0.4386069754048281,0.31105896380754877,-0.8006285054215337
747,-0.859855972773176,-0.741069516613488,0.8499444742613463
748,-0.859855972773176,-0.741069516613488,0.8499444742613463
749,-0.6810159081211792,-0.5062309761705334,0.9722864095625293
750,0.777606605004383,0.3404864470782614,0.6405019807474095
751,0.777606605004383,0.3404864470782614,0.6405019807474095
752,-0.5699498673923131,-0.7938157217479767,0.985086536767419
753,-0.859855972773176,-0.741069516613488,0.8499444742613463
754,-0.8037915415430585,-0.9008787131120102,0.916869187087223
755,-0.8037915415430585,-0.9008787131120102,0.916869187087223
756,-0.8037915415430585,-0.9008787131120102,0.916869187087223
757,0.5208474488079916,-0.04053377867672947,-0.11699745678369255
758,0.6940511359548869,0.7057467293931321,0.4185730139320345
759,0.3747556613332234,0.44901035522555605,-0.405822202429658
760,-0.8037915415430585,-0.9008787131120102,0.916869187087223
761,-0.8037915415430585,-0.9008787131120102,0.916869187087223
762,-0.6810159081211792,-0.5062309761705334,0.9722864095625293
763,-0.6810159081211792,-0.5062309761705334,0.9722864095625293
764,-0.6810159081211792,-0.5062309761705334,0.9722864095625293
765,-0.6810159081211792,-0.5062309761705334,0.9722864095625293
766,0.777606605004383,0.3404864470782614,0.6405019807474095
767,0.777606605004383,0.3404864470782614,0.6405019807474095
768,-0.5699498673923131,-0.7938157217479767,0.985086536767419
769,-0.5699498673923131,-0.7938157217479767,0.985086536767419
770,-0.5699498673923131,-0.7938157217479767,0.985086536767419
771,-0.5699498673923131,-0.7938157217479767,0.985086536767419
772,0.777606605004383,0.3404864470782614,0.6405019807474095
773,0.777606605004383,0.3404864470782614,0.6405019807474095
774,0.777606605004383,0.3404864470782614,0.6405019807474095
775,-0.5699498673923131,-0.7938157217479767,0.985086536767419
776,-0.5699498673923131,-0.7938157217479767,0.985086536767419
777,0.777606605004383,0.3404864470782614,0.6405019807474095
778,0.777606605004383,0.3404864470782614,0.6405019807474095
779,-0.6810159081211792,-0.5062309761705334,0.9722864095625293
780,-0.5699498673923131,-0.7938157217479767,0.985086536767419
781,-0.5699498673923131,-0.7938157217479767,0.985086536767419
782,0.777606605004383,0.3404864470782614,0.6405019807474095
783,0.777606605004383,0.3404864470782614,0.6405019807474095
784,0.6940511359548869,0.7057467293931321,0.4185730139320345
785,-0.5699498673923131,-0.7938157217479767,0.985086536767419
786,-0.5699498673923131,-0.7938157217479767,0.985086536767419
787,-0.5699498673923131,-0.7938157217479767,0.985086536767419
788,-0.6810159081211792,-0.5062309761705334,0.9722864095625293
789,0.777606605004383,0.3404864470782614,0.6405019807474095
790,0.777606605004383,0.3404864470782614,0.6405019807474095
791,0.777606605004383,0.3404864470782614,0.6405019807474095
792,0.5208474488079916,-0.04053377867672947,-0.11699745678369255
793,0.5208474488079916,-0.04053377867672947,-0.11699745678369255
794,0.5208474488079916,-0.04053377867672947,-0.11699745678369255
795,0.5743982934122033,-0.19958341679482278,-0.6568749508128252
796,0.5743982934122033,-0.19958341679482278,-0.6568749508128252
797,0.5743982934122033,-0.19958341679482278,-0.6568749508128252
798,0.4386069754048281,0.31105896380754877,-0.8006285054215337
799,-0.7749785634722142,-0.9272774849170186,0.7159351487727482
800,-0.7749785634722142,-0.9272774849170186,0.7159351487727482
801,-0.5160113686562211,-0.8464246779320089,0.9442433385143348
802,-0.6377938375521148,-0.6165323123829011,0.8981857426715697
803,0.6940511359548869,0.7057467293931321,0.4185730139320345
804,0.6940511359548869,0.7057467293931321,0.4185730139320345
805,-0.859855972773176,-0.741069516613488,0.8499444742613463
806,-0.859855972773176,-0.741069516613488,0.8499444742613463
807,-0.859855972773176,-0.741069516613488,0.8499444742613463
808,-0.859855972773176,-0.741069516613488,0.8499444742613463
809,-0.859855972773176,-0.741069516613488,0.8499444742613463
810,-0.5699498673923131,-0.7938157217479767,0.985086536767419
811,0.777606605004383,0.3404864470782614,0.6405019807474095
812,0.777606605004383,0.3404864470782614,0.6405019807474095
813,-0.5699498673923131,-0.7938157217479767,0.985086536767419
814,-0.5699498673923131,-0.7938157217479767,0.985086536767419
815,-0.5699498673923131,-0.7938157217479767,0.985086536767419
816,-0.5699498673923131,-0.7938157217479767,0.985086536767419
817,-0.5699498673923131,-0.7938157217479767,0.985086536767419
818,-0.5699498673923131,-0.7938157217479767,0.985086536767419
819,-0.5699498673923131,-0.7938157217479767,0.985086536767419
820,-0.5699498673923131,-0.7938157217479767,0.985086536767419
821,0.777606605004383,0.3404864470782614,0.6405019807474095
822,0.777606605004383,0.3404864470782614,0.6405019807474095
823,0.6940511359548869,0.7057467293931321,0.4185730139320345
824,-0.5699498673923131,-0.7938157217479767,0.985086536767419
825,-0.5699498673923131,-0.7938157217479767,0.985086536767419
826,-0.5699498673923131,-0.7938157217479767,0.985086536767419
827,-0.6810159081211792,-0.5062309761705334,0.9722864095625293
828,0.777606605004383,0.3404864470782614,0.6405019807474095
829,0.777606605004383,0.3404864470782614,0.6405019807474095
830,0.6940511359548869,0.7057467293931321,0.4185730139320345
831,-0.5699498673923131,-0.7938157217479767,0.985086536767419
832,-0.6810159081211792,-0.5062309761705334,0.9722864095625293
833,-0.6810159081211792,-0.5062309761705334,0.9722864095625293
834,-0.5699498673923131,-0.7938157217479767,0.985086536767419
835,-0.5699498673923131,-0.7938157217479767,0.985086536767419
836,0.777606605004383,0.3404864470782614,0.6405019807474095
837,0.777606605004383,0.3404864470782614,0.6405019807474095
838,0.777606605004383,0.3404864470782614,0.6405019807474095
839,0.777606605004383,0.3404864470782614,0.6405019807474095
840,-0.6810159081211792,-0.5062309761705334,0.9722864095625293
841,-0.6810159081211792,-0.5062309761705334,0.9722864095625293
842,-0.6810159081211792,-0.5062309761705334,0.9722864095625293
843,-0.6810159081211792,-0.5062309761705334,0.9722864095625293
844,-0.5699498673923131,-0.7938157217479767,0.985086536767419
845,0.777606605004383,0.3404864470782614,0.6405019807474095
846,0.777606605004383,0.3404864470782614,0.6405019807474095
847,-0.5699498673923131,-0.7938157217479767,0.985086536767419
848,-0.8037915415430585,-0.9008787131120102,0.916869187087223
849,-0.8037915415430585,-0.9008787131120102,0.916869187087223
850,0.5208474488079916,-0.04053377867672947,-0.11699745678369255
851,0.5208474488079916,-0.04053377867672947,-0.11699745678369255
852,0.5208474488079916,-0.04053377867672947,-0.11699745678369255
853,0.5208474488079916,-0.04053377867672947,-0.11699745678369255
854,0.5208474488079916,-0.04053377867672947,-0.11699745678369255
855,0.5208474488079916,-0.04053377867672947,-0.11699745678369255
856,0.5208474488079916,-0.04053377867672947,-0.11699745678369255
857,0.5208474488079916,-0.04053377867672947,-0.11699745678369255
858,-0.5699498673923131,-0.7938157217479767,0.985086536767419
859,-0.8037915415430585,-0.9008787131120102,0.916869187087223
860,-0.7749785634722142,-0.9272774849170186,0.7159351487727482
861,0.5743982934122033,-0.19958341679482278,-0.6568749508128252
862,0.8061198309538343,0.190542465203585,0.0890270422282324
863,0.8061198309538343,0.190542465203585,0.0890270422282324
864,-0.859855972773176,-0.741069516613488,0.8499444742613463
865,-0.859855972773176,-0.741069516613488,0.8499444742613463
866,-0.859855972773176,-0.741069516613488,0.8499444742613463
867,-0.859855972773176,-0.741069516613488,0.8499444742613463
868,-0.859855972773176,-0.741069516613488,0.8499444742613463
869,0.3747556613332234,0.44901035522555605,-0.405822202429658
870,0.5208474488079916,-0.04053377867672947,-0.11699745678369255
871,0.5208474488079916,-0.04053377867672947,-0.11699745678369255
872,0.5208474488079916,-0.04053377867672947,-0.11699745678369255
873,-0.8037915415430585,-0.9008787131120102,0.916869187087223
874,-0.8037915415430585,-0.9008787131120102,0.916869187087223
875,-0.859855972773176,-0.741069516613488,0.8499444742613463
876,-0.859855972773176,-0.741069516613488,0.8499444742613463
877,-0.8385390378354438,-0.8056790004776759,0.5271510966922157
878,-0.6377938375521148,-0.6165323123829011,0.8981857426715697
879,-0.5160113686562211,-0.8464246779320089,0.9442433385143348
880,0.777606605004383,0.3404864470782614,0.6405019807474095
881,0.777606605004383,0.3404864470782614,0.6405019807474095
882,0.777606605004383,0.3404864470782614,0.6405019807474095
883,-0.5699498673923131,-0.7938157217479767,0.985086536767419
884,-0.6810159081211792,-0.5062309761705334,0.9722864095625293
885,-0.6810159081211792,-0.5062309761705334,0.9722864095625293
886,-0.8037915415430585,-0.9008787131120102,0.916869187087223
887,-0.8037915415430585,-0.9008787131120102,0.916869187087223
888,-0.5699498673923131,-0.7938157217479767,0.985086536767419
889,-0.5699498673923131,-0.7938157217479767,0.985086536767419
890,-0.5699498673923131,-0.7938157217479767,0.985086536767419
891,-0.5699498673923131,-0.7938157217479767,0.985086536767419
892,0.777606605004383,0.3404864470782614,0.6405019807474095
893,0.777606605004383,0.3404864470782614,0.6405019807474095
894,0.777606605004383,0.3404864470782614,0.6405019807474095
895,0.777606605004383,0.3404864470782614,0.6405019807474095
896,0.777606605004383,0.3404864470782614,0.6405019807474095
897,-0.6810159081211792,-0.5062309761705334,0.9722864095625293
898,-0.6810159081211792,-0.5062309761705334,0.9722864095625293
899,-0.6810159081211792,-0.5062309761705334,0.9722864095625293
900,-0.6810159081211792,-0.5062309761705334,0.9722864095625293
901,-0.5699498673923131,-0.7938157217479767,0.985086536767419
902,-0.5699498673923131,-0.7938157217479767,0.985086536767419
903,0.777606605004383,0.3404864470782614,0.6405019807474095
904,0.777606605004383,0.3404864470782614,0.6405019807474095
905,0.6940511359548869,0.7057467293931321,0.4185730139320345
906,-0.5699498673923131,-0.7938157217479767,0.985086536767419
907,-0.5699498673923131,-0.7938157217479767,0.985086536767419
908,-0.5699498673923131,-0.7938157217479767,0.985086536767419
909,-0.6810159081211792,-0.5062309761705334,0.9722864095625293
910,0.777606605004383,0.3404864470782614,0.6405019807474095
911,0.777606605004383,0.3404864470782614,0.6405019807474095
912,-0.6810159081211792,-0.5062309761705334,0.9722864095625293
913,-0.5699498673923131,-0.7938157217479767,0.985086536767419
914,0.777606605004383,0.3404864470782614,0.6405019807474095
915,0.777606605004383,0.3404864470782614,0.6405019807474095
916,-0.6810159081211792,-0.5062309761705334,0.9722864095625293
917,-0.5699498673923131,-0.7938157217479767,0.985086536767419
918,0.777606605004383,0.3404864470782614,0.6405019807474095
919,0.777606605004383,0.3404864470782614,0.6405019807474095
920,-0.5699498673923131,-0.7938157217479767,0.985086536767419
921,-0.5699498673923131,-0.7938157217479767,0.985086536767419
922,-0.5160113686562211,-0.8464246779320089,0.9442433385143348
923,0.8061198309538343,0.190542465203585,0.0890270422282324
924,0.8061198309538343,0.190542465203585,0.0890270422282324
925,0.8061198309538343,0.190542465203585,0.0890270422282324
926,-0.6377938375521148,-0.6165323123829011,0.8981857426715697
927,-0.5699498673923131,-0.7938157217479767,0.985086536767419
928,0.777606605004383,0.3404864470782614,0.6405019807474095
929,0.5743982934122033,-0.19958341679482278,-0.6568749508128252
930,-0.8037915415430585,-0.9008787131120102,0.916869187087223
931,-0.8037915415430585,-0.9008787131120102,0.916869187087223
932,0.7316599259970165,0.6149953966420376,-0.22013731599853475
933,0.7316599259970165,0.6149953966420376,-0.22013731599853475
934,0.4386069754048281,0.31105896380754877,-0.8006285054215337
935,-0.8037915415430585,-0.9008787131120102,0.916869187087223
936,-0.8037915415430585,-0.9008787131120102,0.916869187087223
937,-0.6810159081211792,-0.5062309761705334,0.9722864095625293
938,-0.6810159081211792,-0.5062309761705334,0.9722864095625293
939,-0.859855972773176,-0.741069516613488,0.8499444742613463
940,0.3747556613332234,0.44901035522555605,-0.405822202429658
941,0.6940511359548869,0.7057467293931321,0.4185730139320345
942,0.5208474488079916,-0.04053377867672947,-0.11699745678369255
943,-0.8037915415430585,-0.9008787131120102,0.916869187087223
944,-0.8037915415430585,-0.9008787131120102,0.916869187087223
945,-0.6810159081211792,-0.5062309761705334,0.9722864095625293
946,-0.6810159081211792,-0.5062309761705334,0.9722864095625293
947,-0.6810159081211792,-0.5062309761705334,0.9722864095625293
948,0.6940511359548869,0.7057467293931321,0.4185730139320345
949,0.777606605004383,0.3404864470782614,0.6405019807474095
950,0.777606605004383,0.3404864470782614,0.6405019807474095
951,-0.5699498673923131,-0.7938157217479767,0.985086536767419
952,-0.5699498673923131,-0.7938157217479767,0.985086536767419
953,-0.5699498673923131,-0.7938157217479767,0.985086536767419
954,-0.5699498673923131,-0.7938157217479767,0.985086536767419
955,0.777606605004383,0.3404864470782614,0.6405019807474095
956,0.777606605004383,0.3404864470782614,0.6405019807474095
957,0.6940511359548869,0.7057467293931321,0.4185730139320345
958,-0.8037915415430585,-0.9008787131120102,0.916869187087223
959,-0.8037915415430585,-0.9008787131120102,0.916869187087223
960,-0.6810159081211792,-0.5062309761705334,0.9722864095625293
961,0.6940511359548869,0.7057467293931321,0.4185730139320345
962,0.777606605004383,0.3404864470782614,0.6405019807474095
963,-0.5699498673923131,-0.7938157217479767,0.985086536767419
964,-0.5699498673923131,-0.7938157217479767,0.985086536767419
965,0.777606605004383,0.3404864470782614,0.6405019807474095
966,0.777606605004383,0.3404864470782614,0.6405019807474095
967,0.777606605004383,0.3404864470782614,0.6405019807474095
968,0.777606605004383,0.3404864470782614,0.6405019807474095
969,0.777606605004383,0.3404864470782614,0.6405019807474095
970,0.777606605004383,0.3404864470782614,0.6405019807474095
971,0.5208474488079916,-0.04053377867672947,-0.11699745678369255
972,0.5208474488079916,-0.04053377867672947,-0.11699745678369255
973,0.5208474488079916,-0.04053377867672947,-0.11699745678369255
974,0.3747556613332234,0.44901035522555605,-0.405822202429658
975,-0.7749785634722142,-0.9272774849170186,0.7159351487727482
976,-0.7749785634722142,-0.9272774849170186,0.7159351487727482
977,0.7316599259970165,0.6149953966420376,-0.22013731599853475
978,0.7316599259970165,0.6149953966420376,-0.22013731599853475
979,-0.6377938375521148,-0.6165323123829011,0.8981857426715697
980,-0.6810159081211792,-0.5062309761705334,0.9722864095625293
981,-0.5699498673923131,-0.7938157217479767,0.985086536767419
982,-0.5699498673923131,-0.7938157217479767,0.985086536767419
983,-0.5699498673923131,-0.7938157217479767,0.985086536767419
984,-0.8037915415430585,-0.9008787131120102,0.916869187087223
985,-0.8037915415430585,-0.9008787131120102,0.916869187087223
986,0.5208474488079916,-0.04053377867672947,-0.11699745678369255
987,0.3747556613332234,0.44901035522555605,-0.405822202429658
988,-0.8385390378354438,-0.8056790004776759,0.5271510966922157
989,-0.8037915415430585,-0.9008787131120102,0.916869187087223
990,-0.5160113686562211,-0.8464246779320089,0.9442433385143348
991,0.8061198309538343,0.190542465203585,0.0890270422282324
992,0.7316599259970165,0.6149953966420376,-0.22013731599853475
993,-0.6810159081211792,-0.5062309761705334,0.9722864095625293
994,-0.5699498673923131,-0.7938157217479767,0.985086536767419
995,-0.5699498673923131,-0.7938157217479767,0.985086536767419
996,-0.5699498673923131,-0.7938157217479767,0.985086536767419
997,-0.5699498673923131,-0.7938157217479767,0.985086536767419
998,-0.5699498673923131,-0.7938157217479767,0.985086536767419
999,0.777606605004383,0.3404864470782614,0.6405019807474095
