1.213619077129181,0.7246698805801415,1.5259776935815252,1.477319142223221,1.6525685525475524,1.8242666493919126,1.0077238772218813,1.906312638884041,2.204361602464611,1.722327737572025,2.0961816124285986,1.9305624281829137,1.966874649915276,1.929104654713576,2.8469020021288864,1.9055307637986953,1.3572310337396964,2.663682679455563,2.105540743318763,2.407940518560651,2.2186089767621997,2.9539100392856357,1.5682619424975335,1.9853661896141916,2.5291287020190616,1.4858388973447882,1.9832968247929574,2.83392710314085,2.4415788144628654,2.593024019433676,2.69482277981861,1.8308981686310521,1.6521390358372692,3.6726187585096084,1.8822097470411157,2.774517271912785,1.9519766833989032,2.8187174790682503,3.369084365627351,3.1789292448516298,4.000749887390125,2.7990626947638715,4.063951476045768,2.45807558466687,4.210269638790571,4.203638875547272,2.537079813521382,4.0648167595722375,2.5064776811512974,3.513849058501152
1.8285147401084003,2.2170162807123983,2.576222918077625,1.503012539884347,1.2662422944291318,1.7977557568315639,2.0632415324686613,2.1553928084554803,3.041832807478951,1.6589910137444477,1.613400259168488,2.8918004233217167,2.023612401561999,1.4757233746405776,2.822376832467255,2.068592332488603,2.377826488373063,1.753995387403784,1.5964531892085203,1.2911250727094306,1.6606495383722273,1.8808851404935274,1.2833369350722785,1.329794326462725,1.916752914398313,1.9213974390675037,3.4415761966698435,1.832202202768416,1.5943906700211803,3.074430284915651,3.101922188887141,1.843446880921854,2.5680533216460812,2.8431869912412218,2.989907996275257,1.9393665133856313,2.1305715364714,2.584196234997231,2.544985194428163,2.492253812554467,3.3644190821242255,2.0906380899255637,3.4555164742001745,2.6532310780541652,2.5666889973789586,2.630570680106552,3.078649558891312,2.6780718945310094,2.6531822452524927,3.454350419132191
1.569088048562343,1.4330226190390336,1.7358579759435866,0.9062861638167952,1.6235798534873414,1.1674558039809544,1.0373742464064448,1.2003815292268016,1.9321345303844628,1.2625411051959927,0.5663645087314015,1.6082548091759572,3.2338835873206744,1.6963693289004569,1.3923713047668669,0.919387795396263,1.5480281855929312,1.830164803139437,1.8592165516479953,3.032795585280848,1.5660495983099714,2.5771722880569286,1.6262034627374005,1.742972485658801,2.960536658176192,2.3579518990912383,2.10916923441441,1.3298977175697142,1.5845926333475733,2.2651102829571297,1.763640800854651,3.1115547954127405,2.4524946772395544,2.2977943211008323,1.6036793215032468,1.8551025125578968,1.9323235861017019,2.636640186993292,2.5213342800116423,2.5650860126527744,2.759771533594679,2.2536154711463805,4.379620006457475,2.8422792084140616,2.8350346001432625,3.04051745855439,1.7549898212192485,3.1729956367254126,3.184315638299082,3.5135978398098384
2.4243455232817057,2.1309652861120862,0.6693841341696332,1.670602782072423,1.2322232084341185,1.4099379653418584,0.9267707683137429,2.590697951093325,1.5002952914744856,1.6631203625157933,2.8828205471665718,2.329301741684407,1.9891470019855135,1.9018400236143267,2.057488978263085,3.2826998276415265,2.643907569582017,0.6873002818097586,2.818079173081461,2.9198952589035994,2.1998248261710107,2.5742078360917118,1.2815789041022265,2.5043652850039586,2.4124538226096077,2.5461073003347128,2.374298326664542,2.928817520298407,2.103763000191963,1.7304377000573554,1.878178970449765,2.5946097814426863,1.9977201865604075,1.8514376898515845,2.737109292652976,2.1467769878206817,1.6553458454783696,2.2902591570934363,2.181253916958446,2.6541073637900863,2.369297611617055,2.143974558945283,2.532339074069774,2.5038904440798433,2.4111511347882213,2.3787155351190177,1.8879237068728711,1.280094299084439,2.7531426044784006,2.2227532310981926
1.3515009858929805,1.4832303162134386,2.495182406255912,1.80548183786766,2.669047784205298,2.874554942951027,1.757890121181089,1.1893844118776558,2.5906655946954182,1.9215887808987262,2.6927550096882444,2.0214935813990604,1.7945150467267055,1.3473080982755936,1.4579198140636298,1.366066882627793,2.809140662446911,1.3617805909780918,1.3434055033858814,3.2712331053796992,1.484509437067502,1.5414370658985952,1.6402055297708875,1.5001260199082223,1.563913201004879,3.2178422542218215,1.58521747916084,1.370413607347443,1.4551795791293525,2.1046775945645138,1.3476457998582019,1.3562087723679408,2.220611740332037,0.9414774883000683,1.4872136061731942,1.6679443721439453,1.517572650197601,2.259728011348475,1.637942576827718,1.6482282847158005,1.321589079932659,1.7328237385674603,1.6563410311658942,1.8157907758361564,1.9402756501391438,1.6258639499068155,1.7194092580063858,1.82607919010505,1.9882680613667993,1.9067194509897636
1.8901905962492922,0.9975063687930883,1.4741115822140631,2.2683863323696833,2.6889832069955273,1.9330777117153928,2.6294410526246623,2.6541922305886656,2.7098964683095907,3.368219897724111,1.9688427266322575,2.424562004019476,3.883930770161408,2.854536087418191,2.0612909396003936,3.057284358421526,3.2395715767617435,2.80409772040514,2.4451884809418134,3.663732725135383,2.732268567504515,2.4577786886237636,2.9868304544599833,2.2087274623361135,2.9946045293313643,2.6043891397557335,2.9167842113284346,2.1261058750473807,1.4857551598528262,3.532931434433233,3.569752488920223,3.034142816762842,2.501953340086005,2.4595377392875077,2.6172924170553484,2.4837326711070635,3.2655567981347113,2.8740275064365797,2.502510736146906,1.9923860773101232,2.499250717835899,1.7420548463822427,2.628420253830263,2.598099849465343,2.500605969491828,2.9903069043062254,2.1362249150868564,2.9115437899773333,2.1759411524866,2.6153515638659726
0.6679056601847676,1.151365157769333,1.1740015683837177,1.3813316652737235,1.1174261886225427,1.098221761838881,1.1440205708629059,1.0443381594804597,1.4002031276804396,1.5581482608895967,1.324715002712338,1.151788649007885,1.6960624457328117,2.19460327094598,2.438778136076834,2.4944955137240004,1.8238066038981617,1.7115633402957031,2.068094159116986,2.38335668012716,2.1809661166027716,2.7527996697319606,3.3014027289534194,2.5305609813399195,2.548249602842872,2.6263370192137456,1.0044039179790785,2.889692165326971,2.37974631680836,2.0152686884586126,2.4347702531405955,2.6288390727015716,2.4330516702948293,1.563228009648696,2.117743172587225,3.0665942604399574,2.5661057356291153,2.5503100041161706,1.582192036146107,2.855493706885103,2.0349636745119017,3.206794994210229,2.3937205939307793,2.0470782987677447,2.349244017740265,3.340880487652507,3.4171754518476347,1.9253101158917139,3.224793563026625,3.044677338832954
0.9501688808934982,1.1608067542197678,0.8723924928268347,1.1199838231478199,0.9357100411262882,1.2800437569915368,1.0672288181046998,1.3407298004970396,1.9166468913627808,1.0749034985045598,1.7412342793997015,1.5702106518478505,1.3734959033220366,2.5552311875246327,2.027941112962518,2.606650101643689,2.573289508675995,2.9378330481852304,1.9192296414801258,2.509644517831725,3.036135403920259,2.8248405007402475,1.438803123471428,2.2907635682817733,2.9817653672707305,1.0836658874324778,1.5339813281372008,2.267935078913017,3.0008325618804452,2.4757928009597325,2.043229805976465,2.8589054497028012,2.4021768275851416,2.403586668846778,2.274057159732225,2.9816026844540766,2.522671520646156,3.0476156855844674,3.0752490359809648,3.379838368422225,3.2171076851991054,3.390679246738439,3.7742108427660916,2.0535615270763543,3.0704349791096006,2.357719246344697,2.827981826514622,3.4220344641150287,3.4735445042825956,3.848702280510496
0.803720839241658,0.7414967678831,0.7203503495813048,0.6921862603928913,0.8592941903803719,0.3355599893982171,1.3246058626545307,1.5613696058154203,0.9416255498804288,0.9030039806703497,1.4713675102472712,0.40867603184390283,0.6136863845965146,0.5208457314201779,1.0018689079469631,0.5868049041454049,0.524474893100754,1.1043444027585034,0.4945458630726016,0.37331137929531505,0.963193741089174,1.3610788898559931,1.5930532489697615,1.5363961345290402,1.781762663801079,2.229388664147193,2.2182903066001423,1.7744288057938133,1.903868697867338,2.0329978002453863,2.1327050093899627,2.094827622827958,2.462135011129704,2.174732154960548,1.9834065101084146,1.771170962665232,1.9708599462922423,2.1631031893533392,1.8714449988753454,3.3330278811666525,2.158841000600439,3.297322391504441,2.1960547520653684,2.2077519570508795,2.1017688361451436,2.6848835974855363,2.1052022795062766,1.732102616643549,2.975489270284983,2.3533157965428666
1.2067346813307083,1.0607157558581795,1.2063804762541717,1.5478597681982564,1.5175584649494847,1.564463311596484,0.9964092960008453,1.8741761225115094,1.9146757120152222,1.607710570476185,1.1814998854918028,1.3103146174741962,1.5353038346957086,1.9009421297497844,1.599461203482544,1.9496977779011169,1.9244943473409295,1.7825029910677102,2.1685613846165843,1.5992715819140344,1.50619812891066,2.001012002469691,1.8221452026358362,1.6767575984196388,2.072554429473137,1.743631275574723,2.097330759761346,3.0092565698252676,1.9720065896402417,2.364374672673673,2.6200300170708557,2.3461371089445033,2.927305033466362,2.6186907774441237,2.532150077745945,2.5585508389421934,2.7746758354097207,2.803020900648752,2.659979589548432,2.4558607366193845,2.4121835489098666,3.1532093137605357,2.508960331805418,2.845495050374381,2.2451989773093035,2.3942531865884042,3.0629416960447147,2.991338581831413,2.339421611699639,2.689632984623097
1.4562379958537375,0.16121812847035225,1.6334228828884534,2.0190824202282354,0.9385758257672572,1.7973773569514,2.0692370424658075,1.1092558528008751,1.746040405222628,2.2214201484169878,1.9242060423542147,1.6532228824095576,1.7747705437968724,1.6941340755996543,0.9218507011327798,1.6634955862413625,1.5608033333730846,2.3443629973666944,2.1471170404923594,2.137837229125847,1.9790308287581528,2.422316695727782,2.011765580107506,2.029117229739003,2.4845109287405727,2.0627573603166613,2.9908655696278017,2.7259134868028796,2.269796953961287,2.7607451085421277,2.1949249499884487,2.6063423867636435,2.9531062698756623,3.07184577268276,2.5873356425353657,3.8763196936430986,2.065282069155784,2.3120970353167896,2.9471131034219313,2.8821568402925575,3.3101257060425344,2.6206968572152793,3.7372340806282294,2.7405439872051445,2.8178930398568296,2.1745774654622183,2.9965381466616634,2.132459981409773,3.103835283369927,2.5683241022685603
0.9950642685879564,1.00572740971626,2.8231364979997537,2.3969241205721854,1.6919874124151346,2.7648580900248025,2.1584140573296455,1.5299741844517805,2.5751492422613924,2.321545709395476,3.1454646281421064,3.098028721307334,2.9153508283486964,0.9735315458695971,3.148896309593104,2.632483677842145,2.983050843581125,3.158028514375514,3.79915298125208,3.7568254260626373,4.066805568893476,2.89894711276249,1.830626724665852,3.7008882824953258,3.3045786477065064,2.8041877062481735,3.54230573101166,3.427885653555453,3.051637554443233,3.169904343387561,2.780248523255875,3.809373584966406,3.445017020402773,3.5116956888012,3.298658034083909,3.6597236909851945,3.5546475888800346,2.573262931985079,2.852475625712835,3.302995136640193,2.9213248004688004,3.587474533362801,3.0513632772712667,3.777060724937408,3.2268473764074486,3.7365634760672277,3.0227200217189854,3.1603714168717407,2.8830779079569484,2.8891967565989507
0.1549196393735171,0.3222291433606453,0.8767881916762905,0.9300446170657652,0.6620111067200699,0.760054200126929,1.410626298860645,1.09704358053802,1.6676718472045893,1.071794403981411,1.4848606303899945,1.5105118690029031,1.295754343465715,1.5798786285820705,1.5403906399103153,1.2537730224441286,2.39692231725696,2.9753593054242646,2.753711399702078,1.682885326567418,2.6833837881077476,1.4741573152252125,1.7697750312623242,1.4433913307444952,3.4000928883156636,2.7053703034685253,1.4573167778577876,2.277071269978663,3.5482535043128856,2.7895354284879073,3.196881603815283,3.4540289430502145,3.4428522379494058,3.4416765573102555,3.4321825488425,2.810797634147292,2.57615101581189,3.8034191345182204,2.545858800002848,3.0928625031253243,3.433120412852856,3.530641618915047,3.2890001936524498,3.3862159048064893,4.6094981581095,3.4576737651107003,3.4075433554071655,3.7839894118689275,3.984142962822226,4.026811441705377
2.577877668791129,2.160616398629783,2.745380227430084,2.9095224849272245,1.5934799383826304,1.7811824172064272,1.9218229466110626,1.875393600034048,2.1865468766417364,2.894045373819008,2.877065198468279,2.901532402433299,2.574639506563358,2.4025877259285657,2.634573421732983,2.513209283456102,2.1628899875323935,2.304494760225115,2.292344982119447,2.5764969935016584,2.494428397238443,2.322678068988112,2.845405919674848,1.9052645838569546,2.8134193916404833,1.9255154442899927,3.3587693522246806,3.0093119687502172,2.290228602826748,2.727921059038521,2.8566935368581707,3.337757308134476,2.8365061582471327,3.791539199428006,3.5394229372997446,2.367412151506423,2.800994228570931,3.8586296987709003,3.348713648188171,2.913480100355161,2.8441638314280544,2.6950912410693904,3.7358186685089163,3.7634011359677992,2.994349055313808,2.93943612379447,3.80805914571936,3.95744362484501,3.4453486604908425,3.6070574012440253
1.8114318202254274,1.5713308806614499,1.485775292583689,1.5895933275891354,2.0422479414277284,1.4433931682709498,1.5453901114236697,2.635799055846492,2.8285161609926863,2.2320716144032198,2.1081148190098093,1.4697446468089137,1.8368973273359295,2.379877546931237,1.7907819258532083,2.4268158444287655,2.6707701850586036,2.28031517452884,2.285279053030026,2.9084732074496387,3.3940517440105378,1.9414640303997714,2.9035622588108834,2.6999666179556825,2.757926468905883,2.762459778987204,2.580588262875239,2.3896144210366086,2.423711496204991,3.1131508557527754,1.9027089937850061,2.4995831746582207,3.3921762499034074,2.7997599756873415,2.986075965821394,2.771376073116825,3.2933593126238927,3.1350202936885645,3.0289562015919618,2.880719349387795,2.725223387530846,2.6274276542423394,2.6686263229113307,2.844165119394169,2.6561419089315943,3.722389222255015,3.294459274538316,3.623034268643199,3.607935076891394,3.2694272022996427
0.1624760251079172,0.8138141585335231,0.9185073827961859,0.8017894552324152,1.037170800550027,1.088319638115758,0.9005257130830288,1.1778599795664766,0.823229612109508,0.9265680013474703,1.0467226404547034,1.190318797156452,1.0007694844304393,0.9359914980091443,1.2095130995930814,1.1876116986136982,1.1635520073327732,1.2084705623462173,1.4944014210185614,0.9271039587924217,0.9509630553767238,1.3407485658703386,1.0618103674846813,1.4257417674358641,1.3991895367867346,1.2783452468339755,1.4544211001584753,1.4923187126897484,1.353213809484387,0.9688756098685016,1.2496166974404268,1.0828625157791387,1.8524003394808768,1.9711896703608427,1.2356526401210555,1.1857376384708282,2.179021293006414,1.9616407197799193,1.8996298032506864,1.7006650795862677,2.015375831644407,1.4507957617261813,1.3923059040120773,1.1238869296892262,2.461296071578834,1.6448001735053395,1.9023675540883704,2.172715359722668,2.123317304050834,2.1768706125543735
0.9419178303078527,0.9157240216508953,1.129179124203185,1.4781622258344884,1.4957886757489367,1.2952485321028968,1.7425058013428258,1.4462502916644406,1.1806549826099975,0.9326759949961564,1.726172896558029,1.4707053797292162,1.4287285714465443,1.3420747596694027,1.5989963797945606,1.3296306194201344,1.489101423973268,1.7822987359203275,2.583537848401785,1.9742231629304001,2.328786296867542,2.0962461566668873,2.240167543574879,2.289905858013737,1.9139242420346616,2.095577372554084,2.559262055643544,1.704670690736958,2.282356794563687,1.653880476620319,2.49953388996179,1.7253120452205852,2.1670899551102187,2.28773964820388,2.1659627006093514,2.1722463913970143,1.986838805798097,2.2548874611250587,2.3690904884889283,2.0851185393869853,2.4495254716108046,2.548942106155656,2.196121985471022,2.974380335662637,3.0879906920094324,2.3379815141930487,2.4966965449724667,2.6670774243839728,2.8218550216745624,2.4872441135306147
0.6930122347063791,0.6990112313784869,0.5857856321604635,0.5428238787930681,1.0802892186485522,0.9923310171287856,0.8777170944973993,1.0784657791577394,1.0074437801122331,1.1194659397635045,1.0296593057083003,1.0737775831784995,1.0661071368255524,1.146753807204097,1.0900703372131326,1.0131637060177427,1.2907141437788507,1.7571180297942455,1.099820333370231,1.5351039296635152,1.6252080786808731,2.1456025790188975,1.8275135746912188,1.3122524127821484,1.6502830928582843,1.065703994091924,2.140895344467548,1.8499572483626932,1.8530539613019845,1.962719354777294,1.2882615191118034,2.5239487690182747,1.1703959968752864,2.863186527408268,2.2380257864081305,2.4544762733510237,2.6094797665629716,2.071539397913539,2.714532631105005,3.1250207847875284,2.615538273190054,2.7057421730986757,1.4694775738791108,2.63276437816257,2.885095929931642,2.2088436800824485,2.946129475188756,2.8876532660681073,1.8615153276456449,3.1724848170606252
3.52015358314884,2.654468160112637,3.082961080054834,2.9440805036867057,3.174130478012611,1.8226763862159832,2.9571571314800305,2.450713040318889,2.934875423846852,3.6623186001202237,2.1004184989527532,3.643676455326154,3.485223576840747,2.0556409480742297,3.591632468277289,3.052013720557866,3.497483955503993,3.3934484133092275,3.365252773416327,3.1227049416347934,2.462221827701116,3.2011941326848197,3.5659764494669886,3.195096271568341,3.8334368821353,2.7898314097538024,1.9454147906804025,3.399320590669531,3.548231353725398,2.451882195628189,2.9996738854405542,3.162667680610704,2.7680443501973166,3.200746792129626,3.329658017032768,2.8719761555198504,2.6228084998938033,3.333651746085611,3.495275939350291,3.099551393456439,2.773853360180778,3.3476768437744058,3.7358837173778343,3.3449200758162276,2.1397942223949906,3.1644537732538724,2.767856136962971,3.3613219129347147,3.0626680080547697,3.5995184473107864
1.7311668821542356,1.6129875201915098,0.8232718331042614,1.7823275010000537,1.8352971483578842,2.1537728048706968,1.5939902685750937,1.8266744695243537,2.481995075764813,1.9752127516453155,2.0735822058109026,2.3238540237456666,3.0219846066842364,2.1191525604088706,2.192993646271264,2.1920953349979393,2.412535150776256,2.4615025515789837,2.294868566768669,1.3733830124693396,2.077153012232599,2.3601852602491995,2.3352047707527346,2.3109428809832804,2.1754631896044083,2.0765037421157815,2.0354168869104736,2.1438780223568865,2.0272785619130516,2.288153246512432,2.045665032470249,2.593274651838814,2.4465011819321494,1.8952417793214111,2.590321840376594,2.365563079452409,1.9748532907769438,1.9961283028531762,2.3230004030243663,1.6619891371886084,2.103915879709423,2.462068075936736,1.5747334452421233,1.956488810074178,2.5350262885239716,2.4211820239999016,1.9382286610556956,2.4541863509946498,2.059985050683248,2.1791688781709624
1.1613678500496163,1.051069222935578,1.2782073007319459,0.9326548047974575,1.2872743665743103,1.3605653307119863,1.1793775785407314,0.906437336037849,0.4848784073911773,1.5265965019425212,1.1620738008486104,1.4741911305494972,1.3820458476070725,2.131511806119704,2.0517628130975645,1.8359462795719579,1.5485638673660187,1.6559537417092922,1.5728333524133407,1.3511043151994595,1.5806686488237136,1.9418446587179492,1.4835977594779868,1.639052916241686,2.2329725657041006,2.042500341502611,2.085330866825166,1.7929154859422063,1.591308937122235,1.8700654703909974,2.2271167823018474,1.2857206350151216,1.3974907225117694,1.7163663773699862,2.0610220131975843,2.2326652729785166,2.45968298217929,1.6113100749171514,1.6317361407805253,1.6560319746859056,1.7200814975348937,1.8816244063662642,2.155445379974962,1.8425530188314367,2.2159440319521355,1.7660000032960301,2.586125012418694,2.3830398965739144,2.0107594096397836,1.9691605949611866
0.8642376913950326,0.893173863706605,1.01952205690699,1.1129080241774933,0.991995701263703,0.5525922746593005,1.1223288595349898,1.2529330059482364,1.6990072777032679,0.8156647644471312,1.3666333985224237,1.4210412787574807,1.3198803215010149,1.4829326712632427,1.6451639236660756,1.7355733372482482,1.2996037171137527,3.8320427190259245,3.4401222721651603,3.739028783339897,3.466103112316076,3.4398773605837047,2.960230653431046,3.4461806940826145,3.3581441504926652,3.3530064442942322,1.4025744621584801,4.491552658094682,3.838732316727383,2.8323874455337044,3.425125143078188,3.9838941181300744,3.3824765285133167,1.5217711506911904,4.277796862820898,4.033114347145033,3.3569901465676546,4.020729199934993,3.326928871472498,3.7172425632458506,3.2999635824593034,3.4768270432481643,2.9520568615514953,4.227560440382409,3.0142503103498335,1.734233281084096,3.3548455068565346,3.2066722535684056,4.531129076154189,4.0687854422651375
0.8778224750717089,0.8679060293125496,0.981621066273492,0.68442228407582,1.253985322160039,0.8940225600587554,1.461796645758136,1.1146075550872763,1.002150251656708,1.301947006834219,1.3744085794534,1.2253871132743717,1.2736326564008735,1.5367851228441225,1.7967746647524896,1.257767122835743,1.6805938154104787,1.8136315620583696,1.629864658771865,1.8807812023014325,1.3250170258542786,1.2364430221217122,1.6435949138837276,1.6617378642465133,1.6843168068325054,1.2506728676747707,1.829716000253424,1.4375622986067254,1.7892924897566131,1.9703778718095877,1.3459551435887867,2.063470409568692,2.0793779023001786,1.76478415256792,1.99045951592182,1.950193130554608,1.9842598472033213,1.8078785726581315,2.007084597680217,2.1358504365625826,2.00499346824259,1.537922946518457,1.58496944591622,2.0644825689160373,2.115650395100512,1.6527226761421712,2.034907668038206,2.2318801808666375,2.3204590060286217,2.2530298638565545
1.0172152177361518,1.2873105690402118,1.3510017404532133,1.8961221671937498,1.6013113958112104,1.8957394430753904,1.408073427909308,1.3928149339875915,1.7707062240976634,1.6972519317188186,1.48441458388851,1.4284609296784498,1.4498157816764736,1.700269819921684,1.6658877421361675,1.6941900334355102,1.5294045087263182,2.1610132765230663,1.6078771710023794,2.035749323695252,2.2606558952202866,2.170539930853657,2.3329039539239793,1.6468938242393343,2.1064662034510064,1.4834168496194158,1.7726243542232156,1.9230333070126135,2.1542039381470866,1.850574929405228,1.8790392526380923,2.168660661516394,1.924797198887265,1.9715748044263686,2.4396602940353724,1.9384043335928018,2.9298932965653868,2.5909634264093904,2.269310289505882,2.212466079975846,2.6458704002947133,3.1949131518756064,3.140551308390705,2.396390336730329,2.7789388239513353,3.205344393047812,2.0351928534684873,2.079919573152144,3.4199370440986443,3.545426838011981
1.492015692737789,1.123779310889366,0.8642751664780284,0.7925107633691781,1.8044038330490482,1.5326775032522328,1.2005428680059302,1.1873182495696852,2.247624995242181,1.1894081378294183,0.44819903200058103,1.9447379074827396,1.965029825919306,0.9479226262598399,1.2577845548416544,1.6653163351493445,2.166177282334141,2.5364691078170547,2.10744503455759,2.072630257735211,2.340089485385846,1.7197886434154426,3.361430223336879,2.528571382586063,3.206713972668983,2.3384829031465832,2.2115162506546726,2.506346171046709,2.774337135674925,1.9969771592984815,2.2819250851873747,2.160585660806122,2.0460475348652936,2.0300919134781745,2.128339328190046,2.8478154798413255,1.8180627892800945,2.0430731761738556,2.41746280845014,2.772951164367519,2.8031192304275696,2.177007659794653,3.2636512168222005,2.7062226988718567,2.2534780552284563,2.4607848273358948,2.1532068919237917,2.40727527926239,2.697257465901857,2.4905588349786307
1.015556277936716,1.4460369898083991,1.1599296295654735,1.0194849459794157,1.0304380343432238,1.1084763154782258,1.2686467628769986,1.0414785738075407,1.2911215040838622,1.000690935626351,1.1354973791131664,1.7653149257850398,2.878478303391925,1.3739211156948874,1.7273101614669852,1.866147956374309,1.2788516279885236,2.000380434585425,1.7179739721122187,1.4856019126956765,2.9907367996929306,1.912319648578724,2.513237233999805,2.0283599670095223,2.4414259507642435,2.1376985273954494,2.680258485041763,1.876803206481625,2.3204555915954095,1.994614412621578,1.8176896772655573,3.1709275974059006,2.493924882126963,2.0586519392172664,1.9842575651022163,2.5553422231758844,2.469329764652898,2.097939801916315,1.8089110831866653,2.5520308110812207,1.9461266955910055,1.9593267697729146,1.9970592713333555,2.7369912047938025,2.0760673514108405,2.264100907844614,2.1659651422558657,2.167493999801414,2.3040532524199433,2.2002797468093043
1.3906331388197788,1.435573234964692,1.428530713764421,1.3806841547984372,1.7298453764180806,1.4993297028438095,1.513204631407716,1.2416041760028789,1.644493978865439,1.1920495449327184,1.3535799126687216,1.6479795940454354,1.42983795282248,3.5319279015883907,2.3248325773119976,3.2552820287800666,2.9384228159149317,2.7805157158601297,2.6181784902485683,2.683551139864679,3.554740945494224,2.259627846866924,2.526049249001891,2.6843956319769275,2.5692312063047122,3.72246277887855,2.509068545625942,2.859266190046285,2.7168841769473957,2.9121227195773716,3.362819045501001,2.2083510426841495,3.0438294698290522,3.7455419561700034,2.901450396470877,1.8170457074070263,3.30208783858242,2.396954166033526,1.2566892822432107,2.963095635724787,3.294572489614942,2.9505010304075645,2.823007758564932,3.129827359532066,2.537289244980568,3.2200108208540987,2.6749689268877876,3.9083233572886664,2.5019192292914814,2.536613013764115
0.9953922894460753,1.0815070892223588,0.8857754166492754,0.6476691134804266,1.5446172793058315,1.0335752598785537,1.2133876177937488,2.0777737174133013,1.6224984934113906,1.9184736388691876,1.54232721277113,1.787816266753254,2.1197377570508724,2.0986791565001504,2.2003465333915972,2.271400077938368,1.9318529665247979,2.090348534494366,2.2584428331148225,2.1573117259913,2.355005933571094,2.322328891431583,2.1992466736091942,2.028211017447985,2.1848055697316524,1.9879966991101297,1.9980080867806467,2.0754958449855327,1.8580185273265217,2.2400462956961564,2.5371222589856868,2.484698907554594,2.215155339013936,2.459447649849376,2.739893524009991,2.2603325084297867,2.522122083557214,2.9070254451834305,2.2448088081324378,2.048514382482307,2.4725126832174977,2.528885427306255,2.0847885024612727,2.2791079595447354,2.083361697922235,2.8760381326737616,2.310131662138712,2.6117419337226533,2.6370371257534027,2.6800769337520687
1.1775534723679921,1.2472563588077938,1.1709841105768115,1.2401279626032293,1.4125499084126245,1.0915005034990837,1.8545484666993486,2.082325005725027,1.840712734793049,1.794604909428818,2.3772860700234246,2.2643047104920897,2.362340783215137,2.889635947100591,2.833076022650124,2.40046493179151,2.1712712204639324,2.352661141661216,3.516277544461421,1.8380639085050816,2.987114338976764,3.793997893778319,3.3154467860622376,3.5660603341210906,3.4873999357865157,2.9975955585988547,2.3638996181909246,3.1382183564677733,2.9921545922830375,2.62958390421571,2.767482826710485,3.3194782757019925,3.9864326128466443,4.298447064588859,2.4449273675126473,4.1013353393988305,3.3365825345727944,4.113187609963394,3.484441233400696,3.3561238753084712,4.3306753145614385,3.463875922932468,3.0188863460425233,2.8042797964162705,2.271267765650515,3.267021217811054,4.016146119770916,3.3734355461224177,3.957326398407856,3.0271926112702467
0.7259243739477393,0.6126662468039062,0.6758176621874646,0.729783003312942,0.8037774132724836,0.6197804138044124,1.243498353108,1.189841218185043,1.542190166605008,1.5280045531720288,1.2432500695440403,1.28237433807106,1.3572013511499368,1.3841428204239106,1.5905836177747745,0.8862791022709798,1.223905595012217,1.0898882506490284,1.3728039090835482,0.8007442129368928,1.3196846433922458,1.4875211580367875,1.3968387157466329,1.6677580126802722,1.4915047689826713,1.4849437223547468,1.376901443842919,1.7807321577423256,1.264524846183765,2.292784419920097,2.301513582490364,1.2429876788905638,2.764023164003174,2.027502186260997,2.500768893950027,3.7280459157750423,2.330425604635635,4.109454238279395,3.977267970665212,3.8387355877270437,3.400441071375005,4.007234259649285,2.016698864695957,2.95585354641506,3.984088231858061,3.8691953721602887,2.789414607861405,4.46281656301798,3.055292655971084,4.091304231211769
